site,date,year,day_of_year,image_no,,prop_blk_pixels,prop_wht_pixels
Ag-nat 2,7/30/2024,2024,212,1,,0.544701158,0.455298842
Ag-nat 2,7/30/2024,2024,212,2,,0.407549355,0.592450645
Ag-nat 2,7/30/2024,2024,212,5,,0.709026637,0.290973363
Ag-nat 2,7/30/2024,2024,212,6,,0.364444879,0.635555121
Ag-nat 2,7/30/2024,2024,212,7,,0.361305984,0.638694016
Ag-nat 2,7/30/2024,2024,212,8,,0.635231423,0.364768577
Ag-nat 2,7/30/2024,2024,212,9,,0.202429857,0.797570143
Ag-nat 2,8/23/2024,2024,236,10,,0.191140039,0.808859961
Ag-nat 2,8/23/2024,2024,236,9,,0.30224376,0.69775624
Ag-nat 2,9/13/2024,2024,250,10,,0.778102719,0.221897281
Ag-nat 2,9/13/2024,2024,250,2,,0.377152693,0.622847307
Ag-nat 2,9/13/2024,2024,250,4,,0.759697026,0.240302974
Ag-nat 2,9/13/2024,2024,250,5,,0.633869927,0.366130073
Ag-nat 2,9/13/2024,2024,250,7,,0.515930086,0.484069914
Ag-nat 2,9/13/2024,2024,250,8,,0.571990938,0.428009062
Ag-nat 2,9/13/2024,2024,250,9,,0.728410487,0.271589513
Ag-nat 3,5/31/2024,2024,152,4,,0.221963762,0.778036238
Ag-nat 3,6/24/2024,2024,176,1,,0.066362092,0.933637908
Ag-nat 3,6/24/2024,2024,176,2,,0.173202381,0.826797619
Ag-nat 3,6/24/2024,2024,176,7,,0.117799174,0.882200826
Ag-nat 3,6/24/2024,2024,176,8,,0.12521219,0.87478781
Ag-nat 3,6/24/2024,2024,176,9,,0.396071855,0.603928145
Ag-nat 3,9/17/2024,2024,261,8,,0.448137812,0.551862188
Ag-nat 3,9/17/2024,2024,261,9,,0.162763451,0.837236549
Ag-nat 5,7/30/2024,2024,212,1,,0.469864062,0.530135938
Ag-nat 5,7/30/2024,2024,212,3,,0.317587069,0.682412931
Ag-nat 5,7/30/2024,2024,212,4,,0.457712421,0.542287579
Ag-nat 5,7/30/2024,2024,212,6,,0.217498213,0.782501787
Ag-nat 5,7/30/2024,2024,212,8,,0.568036519,0.431963481
Ag-nat 5,7/30/2024,2024,212,9,,0.255374964,0.744625036
Ag-nat 5,8/23/2024,2024,236,10,,0.344630607,0.655369393
Ag-nat 5,8/23/2024,2024,236,2,,0.417636585,0.582363415
Ag-nat 5,8/23/2024,2024,236,3,,0.19738173,0.80261827
Ag-nat 5,8/23/2024,2024,236,4,,0.290084075,0.709915925
Ag-nat 5,9/13/2024,2024,250,10,,0.223832017,0.776167983
Ag-nat 5,9/13/2024,2024,250,6,,0.623231233,0.376768767
Ag-nat 5,9/13/2024,2024,250,8,,0.542199886,0.457800114
Ag-nat 5,9/13/2024,2024,250,9,,0.424378734,0.575621266
Ag-nat 7,6/25/2024,2024,177,10,,0.311150514,0.688849486
Ag-nat 7,6/25/2024,2024,177,2,,0.31037461,0.68962539
Ag-nat 7,6/25/2024,2024,177,3,,0.31695379,0.68304621
Ag-nat 7,6/25/2024,2024,177,5,,0.305207414,0.694792586
Ag-nat 7,6/25/2024,2024,177,6,,0.577143251,0.422856749
Ag-nat 7,6/25/2024,2024,177,7,,0.33577246,0.66422754
Ag-nat 7,6/25/2024,2024,177,8,,0.117634213,0.882365787
Ag-nat 7,7/30/2024,2024,212,3,,0.239451353,0.760548647
Ag-nat 7,7/30/2024,2024,212,4,,0.173871214,0.826128786
Ag-nat 7,7/30/2024,2024,212,7,,0.216068746,0.783931254
Ag-nat 7,8/20/2024,2024,233,4,,0.134822386,0.865177614
Ag-nat 7,8/20/2024,2024,233,5,,0.19772799,0.80227201
Ag-nat 7,8/20/2024,2024,233,9,,0.435115912,0.564884088
Ag-nat 7,9/16/2024,2024,260,2,,0.249434999,0.750565001
Ag-nat 7,9/16/2024,2024,260,3,,0.242233002,0.757766998
Ag-nat 7,9/16/2024,2024,260,4,,0.335007149,0.664992851
Ag-nat 7,9/16/2024,2024,260,5,,0.465371323,0.534628677
Ag-nat 7,9/16/2024,2024,260,6,,0.372411981,0.627588019
Ag-nat 7,9/16/2024,2024,260,7,,0.458678416,0.541321584
Ag-nat 7,9/16/2024,2024,260,8,,0.446047504,0.553952496
Ag-nat 7,9/16/2024,2024,260,9,,0.404131688,0.595868312
Ag-nat 8,6/24/2024,2024,176,1,,0.245898764,0.754101236
Ag-nat 8,6/24/2024,2024,176,11,,0.31037461,0.68962539
Ag-nat 8,6/24/2024,2024,176,12,,0.31695379,0.68304621
Ag-nat 8,6/24/2024,2024,176,14,,0.305207414,0.694792586
Ag-nat 8,6/24/2024,2024,176,17,,0.117634213,0.882365787
Ag-nat 8,6/24/2024,2024,176,19,,0.311150514,0.688849486
Ag-nat 8,6/24/2024,2024,176,2,,0.21329783,0.78670217
Ag-nat 8,6/24/2024,2024,176,3,,0.390841032,0.609158968
Ag-nat 8,6/24/2024,2024,176,4,,0.852032865,0.147967135
Ag-nat 8,6/24/2024,2024,176,7,,0.226027292,0.773972708
Ag-nat 8,6/24/2024,2024,176,8,,0.936198333,0.063801667
Ag-nat 8,6/24/2024,2024,176,9,,0.721619112,0.278380888
Ag-nat 8,7/29/2024,2024,211,10,,0.593279902,0.406720098
Ag-nat 8,7/29/2024,2024,211,2,,0.357635243,0.642364757
Ag-nat 8,7/29/2024,2024,211,3,,0.419648028,0.580351972
Ag-nat 8,7/29/2024,2024,211,4,,0.311917833,0.688082167
Ag-nat 8,7/29/2024,2024,211,5,,0.396815709,0.603184291
Ag-nat 8,7/29/2024,2024,211,6,,0.597463067,0.402536933
Ag-nat 8,7/29/2024,2024,211,7,,0.665351666,0.334648334
Ag-nat 8,7/29/2024,2024,211,8,,0.359824426,0.640175574
Ag-nat 8,9/17/2024,2024,261,1,,0.558125852,0.441874148
Ag-nat 8,9/17/2024,2024,261,10,,0.634272687,0.365727313
Ag-nat 8,9/17/2024,2024,261,2,,0.585384012,0.414615988
Ag-nat 8,9/17/2024,2024,261,3,,0.396151048,0.603848952
Ag-nat 8,9/17/2024,2024,261,4,,0.650747763,0.349252237
Ag-nat 8,9/17/2024,2024,261,8,,0.506498296,0.493501704
Ag-nat 8,9/17/2024,2024,261,9,,0.783063938,0.216936062
Ag-nat 9,5/28/2024,2024,149,10,,0.441978828,0.558021172
Ag-nat 9,5/28/2024,2024,149,2,,0.480685466,0.519314534
Ag-nat 9,6/25/2024,2024,177,3,,0.14424904,0.85575096
Ag-nat 9,6/25/2024,2024,177,4,,0.235330287,0.764669713
Ag-nat 9,6/25/2024,2024,177,8,,0.258920246,0.741079754
Ag-nat 9,6/25/2024,2024,177,9,,0.136461524,0.863538476
Ag-nat 9,7/30/2024,2024,212,1,,0.276194663,0.723805337
Ag-nat 9,7/30/2024,2024,212,10,,0.312158939,0.687841061
Ag-nat 9,7/30/2024,2024,212,2,,0.184372974,0.815627026
Ag-nat 9,7/30/2024,2024,212,3,,0.174751282,0.825248718
Ag-nat 9,7/30/2024,2024,212,4,,0.368389684,0.631610316
Ag-nat 9,7/30/2024,2024,212,5,,0.38420422,0.61579578
Ag-nat 9,7/30/2024,2024,212,8,,0.264229197,0.735770803
Ag-nat 9,7/30/2024,2024,212,9,,0.209083529,0.790916471
Ag-nat 9,8/23/2024,2024,236,10,,0.341289842,0.658710158
Ag-nat 9,8/23/2024,2024,236,2,,0.260631436,0.739368564
Ag-nat 9,8/23/2024,2024,236,3,,0.190826149,0.809173851
Ag-nat 9,8/23/2024,2024,236,4,,0.203761337,0.796238663
Ag-nat 9,8/23/2024,2024,236,5,,0.104010016,0.895989984
Ag-nat 9,8/23/2024,2024,236,7,,0.165174515,0.834825485
Ag-nat 9,8/23/2024,2024,236,8,,0.21474276,0.78525724
Ag-nat 9,8/23/2024,2024,236,9,,0.346719149,0.653280851
Ag-nat 9,9/13/2024,2024,250,1,,0.135977303,0.864022697
Ag-nat 9,9/13/2024,2024,250,10,,0.867318537,0.132681463
Ag-nat 9,9/13/2024,2024,250,2,,0.388984167,0.611015833
Ag-nat 9,9/13/2024,2024,250,3,,0.234975093,0.765024907
Ag-nat 9,9/13/2024,2024,250,4,,0.227658722,0.772341278
Ag-nat 9,9/13/2024,2024,250,6,,0.593743085,0.406256915
Ag-nat 9,9/13/2024,2024,250,7,,0.505212919,0.494787081
Ag-nat 9,9/13/2024,2024,250,9,,0.589027092,0.410972908
Ag 3,5/31/2024,2024,152,10,,0.393259669,0.606740331
Ag 3,5/31/2024,2024,152,2,,0.155438281,0.844561719
Ag 3,5/31/2024,2024,152,3,,0.385760441,0.614239559
Ag 3,5/31/2024,2024,152,7,,0.169664761,0.830335239
Ag 3,5/31/2024,2024,152,9,,0.298605454,0.701394546
Ag 3,9/17/2024,2024,261,11,,0.159293796,0.840706204
Ag 3,9/17/2024,2024,261,2,,0.265509866,0.734490134
Ag 3,9/17/2024,2024,261,3,,0.309017102,0.690982898
Ag 3,9/17/2024,2024,261,4,,0.255433819,0.744566181
Ag 3,9/17/2024,2024,261,5,,0.15139928,0.84860072
Ag 3,9/17/2024,2024,261,6,,0.190963083,0.809036917
Ag 3,9/17/2024,2024,261,8,,0.189633565,0.810366435
Ag 3,9/17/2024,2024,261,9,,0.265386076,0.734613924
Ag 5,5/31/2024,2024,152,1,,0.452819884,0.547180116
Ag 5,5/31/2024,2024,152,4,,0.243325771,0.756674229
Ag 5,6/24/2024,2024,176,4,,0.120753737,0.879246263
Ag 5,7/29/2024,2024,211,5,,0.373877453,0.626122547
Ag 5,7/29/2024,2024,211,8,,0.348278983,0.651721017
Ag 5,9/17/2024,2024,261,3,,0.232910485,0.767089515
Ag 5,9/17/2024,2024,261,4,,0.282551317,0.717448683
Ag 5,9/17/2024,2024,261,8,,0.417097284,0.582902716
Ag 6,5/31/2024,2024,152,2,,0.379556547,0.620443453
Ag 6,8/23/2024,2024,236,1,,0.385153147,0.614846853
Ag 6,8/23/2024,2024,236,4,,0.916484611,0.083515389
Ag 6,8/23/2024,2024,236,5,,0.859410877,0.140589123
Ag 6,9/16/2024,2024,260,3,,0.870008569,0.129991431
Ag 6,9/16/2024,2024,260,4,,0.918487618,0.081512382
Half 10,5/31/2024,2024,152,10,,0.236376412,0.763623588
Nat QC 1 old,8/21/2024,2024,234,9,,0.074100275,0.925899725
Nat QC 1 old,9/15/2024,2024,259,3,,0.606007923,0.393992077
Nat QC 3,7/31/2024,2024,213,1,,0.172648223,0.827351777
Nat QC 3,7/31/2024,2024,213,10,,0.047827728,0.952172272
Nat QC 3,7/31/2024,2024,213,6,,0.179651096,0.820348904
Nat QC 3,9/15/2024,2024,259,6,,0.302919211,0.697080789
Nat QC 3,9/15/2024,2024,259,9,,0.388047796,0.611952204
Nat QC 4,6/26/2024,2024,178,3,,0.049950669,0.950049331
Nat QC 4,6/26/2024,2024,178,4,,0.340173766,0.659826234
Nat QC 4,6/26/2024,2024,178,7,,0.785996767,0.214003233
Nat QC 4,9/15/2024,2024,259,7,,0.94094837,0.05905163
Nat QC 6,6/26/2024,2024,178,5,,0.320102378,0.679897622
Nat QC 6,6/26/2024,2024,178,8,,0.474146741,0.525853259
Nat QC 6,6/26/2024,2024,178,9,,0.754543487,0.245456513
Nat QC 7,6/26/2024,2024,178,1,,0.018887403,0.981112597
Nat QC 7,6/26/2024,2024,178,10,,0.060858102,0.939141898
Half 10,8/23/2024,2024,236,10,,0.135809176,0.864190824
Half 10,8/23/2024,2024,236,6,,0.313494397,0.686505603
Half 10,8/23/2024,2024,236,8,,0.185022529,0.814977471
Half 10,8/23/2024,2024,236,9,,0.25652223,0.74347777
Half 10,9/16/2024,2024,260,3,,0.287967872,0.712032128
Half 10,9/16/2024,2024,260,4,,0.259626989,0.740373011
Half 10,9/16/2024,2024,260,5,,0.566195754,0.433804246
Half 10,9/16/2024,2024,260,6,,0.311498595,0.688501405
Half 10,9/16/2024,2024,260,7,,0.288345324,0.711654676
Half 10,9/16/2024,2024,260,8,,0.356962396,0.643037604
Half 10,9/16/2024,2024,260,9,,0.310853944,0.689146056
Half 2,5/31/2024,2024,152,1,,0.461067327,0.538932673
Half 2,5/31/2024,2024,152,11,,0.387636601,0.612363399
Half 2,5/31/2024,2024,152,3,,0.181451787,0.818548213
Half 2,9/17/2024,2024,261,1,,0.798848261,0.201151739
Half 2,9/17/2024,2024,261,2,,0.773450092,0.226549908
Half 2,9/17/2024,2024,261,3,,0.541287645,0.458712355
Half 2,9/17/2024,2024,261,5,,0.768650134,0.231349866
Half 2,9/17/2024,2024,261,6,,0.883011832,0.116988168
Half 5,5/31/2024,2024,152,7,,0.24243086,0.75756914
Half 5,5/31/2024,2024,152,9,,0.246950781,0.753049219
Half 5,6/24/2024,2024,176,10,,0.034391584,0.965608416
Half 5,6/24/2024,2024,176,2,,0.245629525,0.754370475
Half 5,6/24/2024,2024,176,3,,0.259228566,0.740771434
Half 5,6/24/2024,2024,176,5,,0.230069613,0.769930387
Half 5,6/24/2024,2024,176,6,,0.219018822,0.780981178
Half 5,6/24/2024,2024,176,7,,0.345922055,0.654077945
Half 5,6/24/2024,2024,176,8,,0.308321832,0.691678168
Half 5,6/24/2024,2024,176,9,,0.421228941,0.578771059
Half 5,9/17/2024,2024,261,1,,0.300352769,0.699647231
Half 5,9/17/2024,2024,261,10,,0.15598442,0.84401558
Half 5,9/17/2024,2024,261,11,,0.32483203,0.67516797
Half 5,9/17/2024,2024,261,2,,0.121647268,0.878352732
Half 5,9/17/2024,2024,261,3,,0.238504584,0.761495416
Half 5,9/17/2024,2024,261,4,,0.349595553,0.650404447
Half 5,9/17/2024,2024,261,5,,0.28008807,0.71991193
Half 5,9/17/2024,2024,261,6,,0.167350946,0.832649054
Half 5,9/17/2024,2024,261,7,,0.145351013,0.854648987
Half 5,9/17/2024,2024,261,8,,0.150425046,0.849574954
Half 6,5/30/2024,2024,169,3,,0.3457514,0.6542486
Half 6,5/30/2024,2024,169,4,,0.620919483,0.379080517
Half 6,5/30/2024,2024,169,6,,0.58287524,0.41712476
Half 6,5/30/2024,2024,169,7,,0.650678381,0.349321619
Half 6,5/30/2024,2024,169,8,,0.769461623,0.230538377
Half 6,6/28/2024,2024,201,7,,0.333595372,0.666404628
Half 6,6/28/2024,2024,201,9,,0.388462653,0.611537347
Half 6,8/1/2024,2024,214,2,,0.76464667,0.23535333
Nat QC 7,6/26/2024,2024,178,4,,0.122508603,0.877491397
Nat QC 7,6/26/2024,2024,178,5,,0.769766604,0.230233396
Nat QC 7,6/26/2024,2024,178,6,,0.373444951,0.626555049
Nat QC 7,6/26/2024,2024,178,7,,0.23311785,0.76688215
Nat QC 7,6/26/2024,2024,178,8,,0.517910994,0.482089006
Nat QC 7,7/31/2024,2024,213,1,,0.150814072,0.849185928
Nat QC 7,7/31/2024,2024,213,2,,0.680135859,0.319864141
Nat QC 7,7/31/2024,2024,213,3,,0.340175927,0.659824073
Nat QC 7,7/31/2024,2024,213,4,,0.323454251,0.676545749
Nat QC 7,7/31/2024,2024,213,6,,0.891199246,0.108800754
Nat QC 7,7/31/2024,2024,213,7,,0.529533466,0.470466534
Half 6,8/1/2024,2024,214,3,,0.333829475,0.666170525
Half 6,8/1/2024,2024,214,6,,0.586121653,0.413878347
Half 6,8/22/2024,2024,235,1,,0.092256622,0.907743378
Half 6,8/22/2024,2024,235,10,,0.822538283,0.177461717
Half 6,8/22/2024,2024,235,2,,0.145626853,0.854373147
Half 6,8/22/2024,2024,235,3,,0.359275316,0.640724684
Half 6,9/12/2024,2024,256,1,,0.212814301,0.787185699
Half 6,9/12/2024,2024,256,10,,0.421544509,0.578455491
Half 6,9/12/2024,2024,256,2,,0.843539449,0.156460551
Half 6,9/12/2024,2024,256,3,,0.420914179,0.579085821
Half 6,9/12/2024,2024,256,4,,0.72944181,0.27055819
Half 6,9/12/2024,2024,256,5,,0.612349667,0.387650333
Half 6,9/12/2024,2024,256,6,,0.633995483,0.366004517
Half 6,9/12/2024,2024,256,7,,0.363590511,0.636409489
Half 6,9/12/2024,2024,256,8,,0.516716967,0.483283033
Half 6,9/12/2024,2024,256,9,,0.539707016,0.460292984
Half 7,7/30/2024,2024,212,1,,0.16242127,0.83757873
Half 7,7/30/2024,2024,212,10,,0.65433395,0.34566605
Half 7,7/30/2024,2024,212,2,,0.463995899,0.536004101
Half 7,7/30/2024,2024,212,3,,0.154296283,0.845703717
Half 7,7/30/2024,2024,212,4,,0.202153439,0.797846561
Half 7,7/30/2024,2024,212,5,,0.196455168,0.803544832
Half 7,7/30/2024,2024,212,6,,0.611861372,0.388138628
Half 7,7/30/2024,2024,212,8,,0.175971331,0.824028669
Half 7,8/23/2024,2024,236,3,,0.117428006,0.882571994
Half 7,8/23/2024,2024,236,6,,0.155012344,0.844987656
Half 7,8/23/2024,2024,236,8,,0.283737231,0.716262769
Half 7,8/23/2024,2024,236,9,,0.313404884,0.686595116
Half 7,9/13/2024,2024,250,1,,0.305705961,0.694294039
Half 7,9/13/2024,2024,250,10,,0.320804828,0.679195172
Half 7,9/13/2024,2024,250,3,,0.315079485,0.684920515
Half 7,9/13/2024,2024,250,4,,0.114727379,0.885272621
Half 7,9/13/2024,2024,250,6,,0.446456541,0.553543459
Half 7,9/13/2024,2024,250,9,,0.487887202,0.512112798
Half 9,7/30/2024,2024,212,1,,0.513596122,0.486403878
Half 9,7/30/2024,2024,212,2,,0.758731816,0.241268184
Half 9,7/30/2024,2024,212,3,,0.809450662,0.190549338
Half 9,7/30/2024,2024,212,4,,0.807506509,0.192493491
Half 9,7/30/2024,2024,212,5,,0.404440673,0.595559327
Half 9,7/30/2024,2024,212,6,,0.626840569,0.373159431
Half 9,7/30/2024,2024,212,7,,0.613068473,0.386931527
Half 9,7/30/2024,2024,212,8,,0.485975615,0.514024385
Half 9,8/23/2024,2024,236,2,,0.944407628,0.055592372
Half 9,8/23/2024,2024,236,4,,0.533458654,0.466541346
Half 9,8/23/2024,2024,236,5,,0.408659151,0.591340849
Half 9,8/23/2024,2024,236,6,,0.298985784,0.701014216
Half 9,8/23/2024,2024,236,7,,0.70549028,0.29450972
Half 9,8/23/2024,2024,236,8,,0.427383833,0.572616167
Half 9,9/13/2024,2024,250,2,,0.136352793,0.863647207
Half 9,9/13/2024,2024,250,3,,0.181490292,0.818509708
Half 9,9/13/2024,2024,250,6,,0.624829519,0.375170481
Half 10,9/16/2024,2024,260,2,,0.418844079,0.581155921
Half 9,9/13/2024,2024,250,8,,0.434327853,0.565672147
Nat-ag 1,5/30/2024,2024,151,10,,0.686454415,0.313545585
Nat-ag 1,5/30/2024,2024,151,2,,0.783533747,0.216466253
Nat-ag 1,5/30/2024,2024,151,3,,0.910811677,0.089188323
Nat-ag 1,5/30/2024,2024,151,9,,0.235842254,0.764157746
Nat-ag 1,8/1/2024,2024,214,1,,0.572108647,0.427891353
Nat-ag 1,8/1/2024,2024,214,10,,0.925237026,0.074762974
Nat-ag 1,8/1/2024,2024,214,2,,0.968737788,0.031262212
Nat-ag 1,8/1/2024,2024,214,3,,0.68754777,0.31245223
Nat-ag 1,8/1/2024,2024,214,4,,0.879379346,0.120620654
Nat-ag 1,8/1/2024,2024,214,5,,0.969846014,0.030153986
Nat-ag 1,8/1/2024,2024,214,6,,0.915561187,0.084438813
Nat-ag 1,8/1/2024,2024,214,7,,0.805503502,0.194496498
Nat-ag 1,8/1/2024,2024,214,8,,0.461768657,0.538231343
Nat-ag 1,8/1/2024,2024,214,9,,0.378774128,0.621225872
Nat-ag 2,6/28/2024,2024,180,3,,0.860880057,0.139119943
Nat-ag 2,8/1/2024,2024,214,5,,0.824427897,0.175572103
Nat-ag 2,8/1/2024,2024,214,8,,0.997363721,0.002636279
Nat-ag 2,9/12/2024,2024,256,1,,0.384715663,0.615284337
Nat-ag 3,5/30/2024,2024,151,8,,0.468219488,0.531780512
Nat-ag 3,6/28/2024,2024,180,1,,0.16603111,0.83396889
Nat-ag 3,6/28/2024,2024,180,2,,0.234290642,0.765709358
Nat-ag 3,6/28/2024,2024,180,3,,0.406155663,0.593844337
Nat-ag 3,6/28/2024,2024,180,8,,0.377019295,0.622980705
Nat-ag 3,8/1/2024,2024,214,1,,0.976933441,0.023066559
Nat-ag 3,8/1/2024,2024,214,10,,0.921294574,0.078705426
Nat-ag 3,8/1/2024,2024,214,2,,0.975399503,0.024600497
Nat-ag 3,8/1/2024,2024,214,3,,0.988673692,0.011326308
Nat-ag 3,8/1/2024,2024,214,4,,0.990500136,0.009499864
Nat-ag 3,8/1/2024,2024,214,5,,0.992219465,0.007780535
Nat-ag 3,8/1/2024,2024,214,6,,0.984385373,0.015614627
Nat-ag 3,8/1/2024,2024,214,7,,0.976046507,0.023953493
Nat-ag 3,8/1/2024,2024,214,8,,0.876723842,0.123276158
Nat-ag 3,8/1/2024,2024,214,9,,0.970558935,0.029441065
Nat-ag 4,7/30/2024,2024,212,1,,0.609260798,0.390739202
Nat-ag 4,7/30/2024,2024,212,10,,0.183157045,0.816842955
Nat-ag 4,7/30/2024,2024,212,5,,0.286249131,0.713750869
Nat-ag 4,7/30/2024,2024,212,7,,0.122978552,0.877021448
Nat-ag 4,8/23/2024,2024,236,10,,0.265904386,0.734095614
Nat-ag 4,9/13/2024,2024,250,3,,0.191791359,0.808208641
Nat-ag 4,9/13/2024,2024,250,5,,0.160490696,0.839509304
Nat-ag 5 new,6/28/2024,2024,180,9,,0.681081018,0.318918982
Nat-ag 5 new,9/12/2024,2024,256,4,,0.753907335,0.246092665
Nat-ag 5 old,9/12/2024,2024,256,1,,0.792228725,0.207771275
Nat-ag 5 old,9/12/2024,2024,256,10,,0.671055626,0.328944374
Nat-ag 5 old,9/12/2024,2024,256,2,,0.504223971,0.495776029
Nat-ag 5 old,9/12/2024,2024,256,3,,0.621948602,0.378051398
Nat-ag 5 old,9/12/2024,2024,256,5,,0.434864015,0.565135985
Nat-ag 5 old,9/12/2024,2024,256,8,,0.506318398,0.493681602
Nat-ag 5 old,9/12/2024,2024,256,9,,0.82411185,0.17588815
Nat-ag 6,5/30/2024,2024,151,3,,0.701670266,0.298329734
Nat-ag 6,5/30/2024,2024,151,7,,0.264059556,0.735940444
Nat QC 7,9/15/2024,2024,259,5,,0.573128003,0.426871997
Nat QC 7,9/15/2024,2024,259,9,,0.698935287,0.301064713
Nat QC 9,7/31/2024,2024,213,10,,0.919883053,0.080116947
Nat QC 9,7/31/2024,2024,213,3,,0.508981162,0.491018838
Nat QC 9,7/31/2024,2024,213,4,,0.54709048,0.45290952
Nat QC 9,7/31/2024,2024,213,5,,0.224170429,0.775829571
Nat QC 9,7/31/2024,2024,213,6,,0.377446964,0.622553036
Nat QC 9,7/31/2024,2024,213,7,,0.552158618,0.447841382
Nat QC 9,7/31/2024,2024,213,8,,0.464487921,0.535512079
Nat QC 9,7/31/2024,2024,213,9,,0.981765769,0.018234231
Nat QC 9,9/15/2024,2024,259,1,,0.509563231,0.490436769
Nat QC 9,9/15/2024,2024,259,10,,0.280871812,0.719128188
Nat-ag 6,5/30/2024,2024,151,9,,0.328765953,0.671234047
Nat-ag 6,6/28/2024,2024,180,9,,0.1214287,0.8785713
Nat-ag 6,8/1/2024,2024,214,3,,0.869386676,0.130613324
Nat-ag 6,8/1/2024,2024,214,6,,0.738514393,0.261485607
Nat-ag 6,8/1/2024,2024,214,8,,0.424336163,0.575663837
Nat-ag 7 new,5/30/2024,2024,151,10,,0.468807319,0.531192681
Nat-ag 7 new,5/30/2024,2024,151,3,,0.364860911,0.635139089
Nat-ag 7 new,5/30/2024,2024,151,4,,0.618910891,0.381089109
Nat-ag 7 new,5/30/2024,2024,151,8,,0.359421137,0.640578863
Nat-ag 7 new,5/30/2024,2024,151,9,,0.151587825,0.848412175
Nat-ag 7 new,6/28/2024,2024,180,1,,0.057987001,0.942012999
Nat-ag 7 new,6/28/2024,2024,180,6,,0.272691121,0.727308879
Nat-ag 7 new,6/28/2024,2024,180,7,,0.08365409,0.91634591
Nat-ag 7 new,6/28/2024,2024,180,8,,0.434815806,0.565184194
Nat-ag 7 new,6/28/2024,2024,180,9,,0.083370711,0.916629289
Nat-ag 7 new,8/1/2024,2024,214,1,,0.381803554,0.618196446
Nat-ag 7 new,8/1/2024,2024,214,11,,0.358201029,0.641798971
Nat-ag 7 new,8/1/2024,2024,214,6,,0.417235199,0.582764801
Nat-ag 7 new,8/1/2024,2024,214,7,,0.230977122,0.769022878
Nat-ag 7 new,8/22/2024,2024,235,3,,0.311744213,0.688255787
Nat-ag 7 new,8/22/2024,2024,235,4,,0.382707163,0.617292837
Nat-ag 7 new,8/22/2024,2024,235,5,,0.523181717,0.476818283
Nat-ag 7 new,8/22/2024,2024,235,6,,0.826221972,0.173778028
Nat-ag 7 new,8/22/2024,2024,235,7,,0.407589572,0.592410428
Nat-ag 7 new,8/22/2024,2024,235,8,,0.778328915,0.221671085
Nat-ag 7 new,9/12/2024,2024,256,1,,0.392774383,0.607225617
Nat-ag 7 new,9/12/2024,2024,256,10,,0.527478079,0.472521921
Nat-ag 7 new,9/12/2024,2024,256,2,,0.277653857,0.722346143
Nat-ag 7 new,9/12/2024,2024,256,3,,0.562265662,0.437734338
Nat-ag 7 new,9/12/2024,2024,256,4,,0.48676799,0.51323201
Nat-ag 7 new,9/12/2024,2024,256,5,,0.571806724,0.428193276
Nat-ag 7 new,9/12/2024,2024,256,6,,0.767842261,0.232157739
Nat-ag 7 new,9/12/2024,2024,256,7,,0.373471947,0.626528053
Nat-ag 7 new,9/12/2024,2024,256,8,,0.868934675,0.131065325
Nat-ag 7 new,9/12/2024,2024,256,9,,0.8154691,0.1845309
Nat-ag 7 old,5/30/2024,2024,151,4,,0.31096022,0.68903978
Nat-ag 7 old,5/30/2024,2024,151,7,,0.180890921,0.819109079
Nat-ag 7 old,5/30/2024,2024,151,8,,0.204660963,0.795339037
Nat-ag 7 old,6/28/2024,2024,180,3,,0.498711343,0.501288657
Nat-ag 7 old,8/22/2024,2024,235,9,,0.705773565,0.294226435
Nat-ag 8,5/31/2024,2024,152,7,,0.717911622,0.282088378
Nat-ag 8,5/31/2024,2024,152,9,,0.361002403,0.638997597
Nat-ag 8,6/24/2024,2024,176,4,,0.657111649,0.342888351
Nat-ag 8,7/29/2024,2024,211,1,,0.624462072,0.375537928
Nat-ag 8,7/29/2024,2024,211,3,,0.327611913,0.672388087
Nat-ag 8,7/29/2024,2024,211,5,,0.364217113,0.635782887
Nat-ag 8,7/29/2024,2024,211,6,,0.110919312,0.889080688
Nat-ag 8,7/29/2024,2024,211,7,,0.41269263,0.58730737
Nat-ag 8,9/17/2024,2024,261,5,,0.627994702,0.372005298
Nat-ag 8,9/17/2024,2024,261,6,,0.090823913,0.909176087
Nat-ag 9,6/25/2024,2024,177,2,,0.158479841,0.841520159
Nat-ag 9,6/25/2024,2024,177,4,,0.170743093,0.829256907
Nat-ag 9,6/25/2024,2024,177,6,,0.678857192,0.321142808
Nat-ag 9,6/25/2024,2024,177,7,,0.564088384,0.435911616
Nat-ag 9,6/25/2024,2024,177,8,,0.594471384,0.405528616
Nat-ag 9,6/25/2024,2024,177,9,,0.623360507,0.376639493
Nat-ag 9,8/20/2024,2024,233,1,,0.393939109,0.606060891
Nat-ag 9,8/20/2024,2024,233,2,,0.227712672,0.772287328
Nat-ag 9,8/20/2024,2024,233,3,,0.265076895,0.734923105
Nat-ag 9,8/20/2024,2024,233,4,,0.592922068,0.407077932
Nat-ag 9,8/20/2024,2024,233,6,,0.340319924,0.659680076
Nat-ag 9,9/16/2024,2024,260,2,,0.452360213,0.547639787
Nat-ag 9,9/16/2024,2024,260,5,,0.142312573,0.857687427
Nat-ag 9,9/16/2024,2024,260,9,,0.437913844,0.562086156
Nat QC 1 alt,9/15/2024,2024,259,4,,0.522509209,0.477490791
Nat QC 1 alt,9/15/2024,2024,259,7,,0.54548729,0.45451271
Nat QC 1 alt,9/15/2024,2024,259,9,,0.682478259,0.317521741
Nat QC 1 old,8/21/2024,2024,234,8,,0.036871613,0.963128387
Nat QC 9,9/15/2024,2024,259,2,,0.995221425,0.004778575
Nat QC 9,9/15/2024,2024,259,3,,0.915054452,0.084945548
Nat QC 9,9/15/2024,2024,259,4,,0.5711299,0.4288701
Nat QC 9,9/15/2024,2024,259,5,,0.334735438,0.665264562
Nat QC 9,9/15/2024,2024,259,6,,0.567635722,0.432364278
Nat QC 9,9/15/2024,2024,259,7,,0.455071433,0.544928567
Nat QC 9,9/15/2024,2024,259,8,,0.318164822,0.681835178
Nat QC 9,9/15/2024,2024,259,9,,0.528477032,0.471522968
Ag-nat 2,8/23/2024,2024,236,7,,0.67548284,0.32451716
Ag-nat 2,8/23/2024,2024,236,8,,0.319651088,0.680348912
Ag-nat 2,9/13/2024,2024,250,1,,0.46165703,0.53834297
Ag-nat 2,9/13/2024,2024,250,3,,0.503900469,0.496099531
Ag-nat 2,9/13/2024,2024,250,6,,0.336988772,0.663011228
Ag-nat 3,5/31/2024,2024,152,1,,0.297601551,0.702398449
Ag-nat 3,5/31/2024,2024,152,2,,0.557169857,0.442830143
Ag-nat 3,5/31/2024,2024,152,3,,0.134229646,0.865770354
Ag-nat 3,9/17/2024,2024,261,3,,0.21283235,0.78716765
Ag-nat 3,9/17/2024,2024,261,4,,0.081053711,0.918946289
Ag-nat 3,9/17/2024,2024,261,5,,0.241139489,0.758860511
Ag-nat 5,9/13/2024,2024,250,7,,0.413649012,0.586350988
Ag-nat 7,6/25/2024,2024,177,1,,0.413960658,0.586039342
Ag-nat 7,6/25/2024,2024,177,4,,0.477782356,0.522217644
Ag-nat 7,6/25/2024,2024,177,9,,0.464872419,0.535127581
Ag-nat 8,6/24/2024,2024,176,10,,0.413960658,0.586039342
Ag-nat 8,6/24/2024,2024,176,13,,0.477782356,0.522217644
Ag-nat 8,6/24/2024,2024,176,15,,0.462095189,0.537904811
Ag-nat 8,6/24/2024,2024,176,16,,0.214745752,0.785254248
Ag-nat 8,6/24/2024,2024,176,5,,0.480444506,0.519555494
Ag-nat 8,6/24/2024,2024,176,6,,0.371641971,0.628358029
Ag-nat 8,9/17/2024,2024,261,5,,0.21577271,0.78422729
Ag-nat 8,9/17/2024,2024,261,6,,0.249120913,0.750879087
Ag-nat 8,9/17/2024,2024,261,7,,0.35106691,0.64893309
Ag-nat 9,6/25/2024,2024,177,1,,0.173705707,0.826294293
Ag-nat 9,9/13/2024,2024,250,8,,0.365901326,0.634098674
Ag 3,5/31/2024,2024,152,4,,0.640811575,0.359188425
Ag 3,5/31/2024,2024,152,6,,0.213125996,0.786874004
Ag 3,9/17/2024,2024,261,1,,0.431128927,0.568871073
Ag 3,9/17/2024,2024,261,10,,0.428835768,0.571164232
Ag 5,9/17/2024,2024,261,10,,0.325713275,0.674286725
Ag 5,9/17/2024,2024,261,2,,0.791688247,0.208311753
Ag 5,9/17/2024,2024,261,5,,0.275199634,0.724800366
Ag 5,9/17/2024,2024,261,6,,0.454693,0.545307
Ag 5,9/17/2024,2024,261,7,,0.692153313,0.307846687
Ag 5,9/17/2024,2024,261,9,,0.340774083,0.659225917
Ag 6,5/31/2024,2024,152,1,,0.616896407,0.383103593
Ag 6,5/31/2024,2024,152,3,,0.492805753,0.507194247
Ag 6,5/31/2024,2024,152,4,,0.312988647,0.687011353
Ag 6,5/31/2024,2024,152,5,,0.453602269,0.546397731
Ag 6,5/31/2024,2024,152,6,,0.740321524,0.259678476
Ag 6,5/31/2024,2024,152,7,,0.276102467,0.723897533
Ag 6,5/31/2024,2024,152,8,,0.439003646,0.560996354
Ag 6,5/31/2024,2024,152,9,,0.550856381,0.449143619
Ag 6,8/23/2024,2024,236,3,,0.579606681,0.420393319
Ag 6,8/23/2024,2024,236,6,,0.684254481,0.315745519
Ag 6,8/23/2024,2024,236,7,,0.486246541,0.513753459
Ag 6,9/16/2024,2024,260,1,,0.315471062,0.684528938
Ag 6,9/16/2024,2024,260,5,,0.759853382,0.240146618
Ag 6,9/16/2024,2024,260,6,,0.730244975,0.269755025
Half 10,5/31/2024,2024,152,5,,0.292033148,0.707966852
Half 10,5/31/2024,2024,152,6,,0.229037038,0.770962962
Half 10,5/31/2024,2024,152,7,,0.806472309,0.193527691
Half 10,5/31/2024,2024,152,8,,0.592667421,0.407332579
Half 10,5/31/2024,2024,152,9,,0.433686218,0.566313782
Half 10,8/23/2024,2024,236,2,,0.338518591,0.661481409
Half 10,8/23/2024,2024,236,3,,0.321914035,0.678085965
Half 10,8/23/2024,2024,236,4,,0.224787418,0.775212582
Half 10,8/23/2024,2024,236,5,,0.255091875,0.744908125
Half 10,8/23/2024,2024,236,7,,0.336622895,0.663377105
Half 10,9/16/2024,2024,260,1,,0.330766895,0.669233105
Half 10,9/16/2024,2024,260,10,,0.33820941,0.66179059
Half 2,5/31/2024,2024,152,5,,0.538194278,0.461805722
Half 2,9/17/2024,2024,261,10,,0.438937712,0.561062288
Half 5,5/31/2024,2024,152,10,,0.202823024,0.797176976
Half 5,9/17/2024,2024,261,9,,0.412479381,0.587520619
Half 6,6/28/2024,2024,201,1,,0.124757763,0.875242237
Half 6,6/28/2024,2024,201,10,,0.114866213,0.885133787
Half 6,6/28/2024,2024,201,2,,0.7454192,0.2545808
Half 6,6/28/2024,2024,201,3,,0.209332883,0.790667117
Half 6,6/28/2024,2024,201,4,,0.537800729,0.462199271
Half 6,6/28/2024,2024,201,5,,0.344010279,0.655989721
Half 6,6/28/2024,2024,201,6,,0.549431632,0.450568368
Half 6,6/28/2024,2024,201,8,,0.429555133,0.570444867
Half 6,8/1/2024,2024,214,1,,0.13956349,0.86043651
Half 7,8/23/2024,2024,236,1,,0.362256677,0.637743323
Half 7,8/23/2024,2024,236,10,,0.20185714,0.79814286
Half 7,8/23/2024,2024,236,11,,0.32225539,0.67774461
Half 7,8/23/2024,2024,236,2,,0.143119072,0.856880928
Ag 5,7/29/2024,2024,211,2,,0.135121562,0.864878438
Half 7,8/23/2024,2024,236,4,,0.394037984,0.605962016
Half 9,8/23/2024,2024,236,10,,0.299139197,0.700860803
Half 9,8/23/2024,2024,236,9,,0.210651015,0.789348985
Nat-ag 3,5/30/2024,2024,151,10,,0.528152692,0.471847308
Nat-ag 3,5/30/2024,2024,151,3,,0.466610593,0.533389407
Nat-ag 3,5/30/2024,2024,151,7,,0.47662562,0.52337438
Nat-ag 3,6/28/2024,2024,180,5,,0.475650632,0.524349368
Nat-ag 3,6/28/2024,2024,180,7,,0.298144546,0.701855454
Nat-ag 4,8/23/2024,2024,236,3,,0.116968746,0.883031254
Nat-ag 5 new,6/28/2024,2024,180,1,,0.605535725,0.394464275
Nat-ag 5 new,6/28/2024,2024,180,2,,0.747486707,0.252513293
Nat-ag 5 new,6/28/2024,2024,180,7,,0.898698068,0.101301932
Nat-ag 5 new,6/28/2024,2024,180,8,,0.690448622,0.309551378
Nat-ag 5 old,6/28/2024,2024,180,3,,0.428170445,0.571829555
Nat-ag 6,5/30/2024,2024,151,1,,0.215155797,0.784844203
Ag-nat 5,7/30/2024,2024,212,5,,0.075924561,0.924075439
Nat-ag 6,5/30/2024,2024,151,10,,0.255844123,0.744155877
Nat-ag 6,5/30/2024,2024,151,2,,0.585763033,0.414236967
Nat-ag 6,5/30/2024,2024,151,5,,0.277570224,0.722429776
Nat-ag 6,5/30/2024,2024,151,6,,0.601062739,0.398937261
Nat-ag 6,5/30/2024,2024,151,8,,0.3341024,0.6658976
Nat-ag 6,6/28/2024,2024,180,4,,0.164823559,0.835176441
Nat-ag 6,6/28/2024,2024,180,5,,0.379159855,0.620840145
Nat-ag 6,6/28/2024,2024,180,6,,0.516062845,0.483937155
Nat-ag 6,6/28/2024,2024,180,7,,0.105749192,0.894250808
Nat-ag 6,6/28/2024,2024,180,8,,0.24875985,0.75124015
Ag-nat 7,7/30/2024,2024,212,2,,0.04622748,0.95377252
Nat-ag 6,8/1/2024,2024,214,4,,0.241444943,0.758555057
Nat-ag 7 new,5/30/2024,2024,151,2,,0.31140581,0.68859419
Nat-ag 7 new,5/30/2024,2024,151,5,,0.403959134,0.596040866
Nat-ag 7 new,5/30/2024,2024,151,7,,0.217445215,0.782554785
Nat-ag 7 new,6/28/2024,2024,180,10,,0.140254636,0.859745364
Nat-ag 7 new,6/28/2024,2024,180,2,,0.255816433,0.744183567
Nat-ag 7 new,6/28/2024,2024,180,3,,0.392456468,0.607543532
Nat-ag 7 new,6/28/2024,2024,180,4,,0.445955558,0.554044442
Nat-ag 7 new,6/28/2024,2024,180,5,,0.230538573,0.769461427
Nat-ag 7 old,5/30/2024,2024,151,10,,0.268094021,0.731905979
Nat-ag 7 old,5/30/2024,2024,151,2,,0.149630095,0.850369905
Half 2,9/17/2024,2024,261,4,,0.79986232,0.20013768
Half 2,9/17/2024,2024,261,9,,0.294708452,0.705291548
Half 7,7/30/2024,2024,212,7,,0.052107807,0.947892193
Half 7,7/30/2024,2024,212,9,,0.024921449,0.975078551
Nat-ag 7 old,5/30/2024,2024,151,3,,0.401960754,0.598039246
Nat-ag 7 old,5/30/2024,2024,151,5,,0.248955446,0.751044554
Nat-ag 7 old,5/30/2024,2024,151,6,,0.346454643,0.653545357
Nat-ag 7 old,5/30/2024,2024,151,9,,0.161408874,0.838591126
Nat-ag 7 old,6/28/2024,2024,180,1,,0.186461288,0.813538712
Nat-ag 7 old,6/28/2024,2024,180,11,,0.243553574,0.756446426
Nat-ag 7 old,6/28/2024,2024,180,2,,0.35723266,0.64276734
Nat-ag 7 old,6/28/2024,2024,180,6,,0.360090406,0.639909594
Half 7,8/23/2024,2024,236,5,,0.133714552,0.866285448
Half 7,9/13/2024,2024,250,2,,0.114196514,0.885803486
Half 9,7/30/2024,2024,212,9,,0.066009382,0.933990618
Nat-ag 7 old,6/28/2024,2024,180,8,,0.323521187,0.676478813
Nat-ag 7 old,8/22/2024,2024,235,10,,0.471532973,0.528467027
Nat-ag 7 old,8/22/2024,2024,235,2,,0.276065772,0.723934228
Nat-ag 7 old,8/22/2024,2024,235,7,,0.491683695,0.508316305
Nat-ag 7 old,8/22/2024,2024,235,8,,0.484463845,0.515536155
Nat-ag 8,5/31/2024,2024,152,1,,0.360396369,0.639603631
Nat-ag 8,5/31/2024,2024,152,2,,0.407686066,0.592313934
Nat-ag 8,5/31/2024,2024,152,6,,0.196732248,0.803267752
Nat-ag 8,5/31/2024,2024,152,8,,0.336063694,0.663936306
Nat-ag 8,6/24/2024,2024,176,1,,0.201900818,0.798099182
Nat-ag 8,6/24/2024,2024,176,10,,0.527920176,0.472079824
Nat-ag 8,6/24/2024,2024,176,2,,0.412822626,0.587177374
Nat-ag 8,6/24/2024,2024,176,3,,0.235998966,0.764001034
Nat-ag 8,6/24/2024,2024,176,5,,0.194481517,0.805518483
Nat-ag 8,6/24/2024,2024,176,6,,0.333083994,0.666916006
Nat-ag 8,6/24/2024,2024,176,7,,0.130706951,0.869293049
Nat-ag 8,6/24/2024,2024,176,9,,0.266834036,0.733165964
Nat-ag 8,9/17/2024,2024,261,1,,0.49031651,0.50968349
Nat-ag 8,9/17/2024,2024,261,10,,0.618513082,0.381486918
Nat-ag 8,9/17/2024,2024,261,11,,0.548142795,0.451857205
Nat-ag 8,9/17/2024,2024,261,2,,0.223171869,0.776828131
Nat-ag 8,9/17/2024,2024,261,3,,0.407362591,0.592637409
Nat-ag 8,9/17/2024,2024,261,4,,0.33285269,0.66714731
Nat-ag 8,9/17/2024,2024,261,7,,0.160765545,0.839234455
Nat-ag 8,9/17/2024,2024,261,8,,0.254255164,0.745744836
Nat-ag 8,9/17/2024,2024,261,9,,0.491955994,0.508044006
Nat-ag 9,6/25/2024,2024,177,1,,0.323099163,0.676900837
Nat-ag 9,6/25/2024,2024,177,3,,0.236837516,0.763162484
Nat-ag 9,6/25/2024,2024,177,5,,0.411731333,0.588268667
Nat-ag 9,8/20/2024,2024,233,5,,0.394180607,0.605819393
Nat-ag 9,9/16/2024,2024,260,1,,0.314960795,0.685039205
Nat-ag 9,9/16/2024,2024,260,10,,0.401007507,0.598992493
Nat-ag 9,9/16/2024,2024,260,3,,0.409759922,0.590240078
Nat-ag 9,9/16/2024,2024,260,4,,0.543491149,0.456508851
Nat-ag 9,9/16/2024,2024,260,6,,0.320332621,0.679667379
Nat-ag 9,9/16/2024,2024,260,7,,0.435420188,0.564579812
Nat-ag 9,9/16/2024,2024,260,8,,0.580734525,0.419265475
Nat QC 1 alt,9/15/2024,2024,259,10,,0.360894397,0.639105603
Nat QC 1 alt,9/15/2024,2024,259,8,,0.492012298,0.507987702
Nat QC 1 old,9/15/2024,2024,259,10,,0.261344749,0.738655251
Nat QC 1 old,9/15/2024,2024,259,2,,0.44810348,0.55189652
Nat QC 1 old,9/15/2024,2024,259,9,,0.183850937,0.816149063
Nat QC 3,6/26/2024,2024,178,1,,0.276689059,0.723310941
Nat QC 3,6/26/2024,2024,178,10,,0.141722197,0.858277803
Half 9,8/23/2024,2024,236,1,,0.268268366,0.731731634
Nat-ag 4,7/30/2024,2024,212,6,,0.095717253,0.904282747
Nat-ag 6,8/1/2024,2024,214,1,,0.151868348,0.848131652
Nat-ag 6,8/1/2024,2024,214,10,,0.296310661,0.703689339
Nat-ag 6,8/1/2024,2024,214,2,,0.432270896,0.567729104
Nat-ag 7 new,5/30/2024,2024,151,1,,0.388173972,0.611826028
Nat QC 3,6/26/2024,2024,178,5,,0.294283878,0.705716122
Nat QC 3,6/26/2024,2024,178,7,,0.254548789,0.745451211
Nat QC 3,6/26/2024,2024,178,8,,0.236697692,0.763302308
Nat QC 3,6/26/2024,2024,178,9,,0.149689599,0.850310401
Nat QC 3,9/15/2024,2024,259,7,,0.393922629,0.606077371
Nat QC 3,9/15/2024,2024,259,8,,0.377879347,0.622120653
Nat-ag 3,5/30/2024,2024,151,1,,0.299827341,0.700172659
Nat QC 1 old,9/15/2024,2024,259,1,,0.201926457,0.798073543
Nat QC 1 old,9/15/2024,2024,259,4,,0.353226077,0.646773923
Nat QC 1 old,9/15/2024,2024,259,5,,0.100733991,0.899266009
Nat QC 1 old,9/15/2024,2024,259,6,,0.028480367,0.971519633
Nat QC 1 old,9/15/2024,2024,259,7,,0.04026103,0.95973897
Nat QC 4,6/26/2024,2024,178,2,,0.112070916,0.887929084
Nat QC 4,6/26/2024,2024,178,9,,0.474834666,0.525165334
Nat QC 6,6/26/2024,2024,178,10,,0.38505111,0.61494889
Nat QC 6,6/26/2024,2024,178,4,,0.436661794,0.563338206
Nat QC 7,6/26/2024,2024,178,2,,0.26431819,0.73568181
Nat QC 7,6/26/2024,2024,178,3,,0.176305212,0.823694788
Ag-nat 3,9/17/2024,2024,261,1,,0.35677754,0.64322246
Ag-nat 3,9/17/2024,2024,261,10,,0.37738144,0.62261856
Ag-nat 3,9/17/2024,2024,261,6,,0.313365256,0.686634744
Ag-nat 3,9/17/2024,2024,261,7,,0.311503107,0.688496893
Ag 6,8/23/2024,2024,236,8,,0.524058646,0.475941354
Half 2,9/17/2024,2024,261,7,,0.518372734,0.481627266
Half 7,9/13/2024,2024,250,8,,0.355922388,0.644077612
Nat QC 3,6/26/2024,2024,178,2,,0.771858855,0.228141145
Nat QC 3,6/26/2024,2024,178,3,,0.291853458,0.708146542
Nat QC 3,6/26/2024,2024,178,4,,0.350036841,0.649963159
Nat QC 3,6/26/2024,2024,178,6,,0.171970871,0.828029129
Nat QC 3,9/15/2024,2024,259,1,,0.611958482,0.388041518
Nat QC 4,6/26/2024,2024,178,10,,0.677764328,0.322235672
Nat QC 6,6/26/2024,2024,178,1,,0.463464165,0.536535835
Nat QC 6,6/26/2024,2024,178,3,,0.294300178,0.705699822
Ag-nat 9,9/13/2024,2024,250,5,,0.223151466,0.776848534
Ag 6,8/23/2024,2024,236,10,,0.270445189,0.729554811
Ag 6,8/23/2024,2024,236,2,,0.641404451,0.358595549
Ag 6,9/16/2024,2024,260,2,,0.818026907,0.181973093
Ag 6,9/16/2024,2024,260,7,,0.687111071,0.312888929
Ag 6,9/16/2024,2024,260,8,,0.368177613,0.631822387
Half 2,9/17/2024,2024,261,8,,0.259533019,0.740466981
Half 7,9/13/2024,2024,250,5,,0.325044101,0.674955899
Half 7,9/13/2024,2024,250,7,,0.270512872,0.729487128
Half 9,7/30/2024,2024,212,10,,0.241211488,0.758788512
Half 9,8/23/2024,2024,236,3,,0.80282426,0.19717574
Half 9,9/13/2024,2024,250,1,,0.341652973,0.658347027
Ag 6,9/16/2024,2024,260,9,,0.530553803,0.469446197
Half 9,9/13/2024,2024,250,5,,0.291086756,0.708913244
Half 9,9/13/2024,2024,250,7,,0.758287466,0.241712534
Nat-ag 6,5/30/2024,2024,151,4,,0.144850165,0.855149835
Nat-ag 7 old,5/30/2024,2024,151,1,,0.242910228,0.757089772
Nat-ag 7 old,6/28/2024,2024,180,10,,0.247867491,0.752132509
Nat-ag 7 old,6/28/2024,2024,180,4,,0.263962739,0.736037261
Nat-ag 7 old,6/28/2024,2024,180,5,,0.186190002,0.813809998
Nat-ag 7 old,6/28/2024,2024,180,7,,0.11814893,0.88185107
Nat QC 6,6/26/2024,2024,178,7,,0.545290138,0.454709862
Nat QC 7,7/31/2024,2024,213,5,,0.60728094,0.39271906
Nat-ag 7 old,8/22/2024,2024,235,1,,0.263971612,0.736028388
Nat-ag 8,5/31/2024,2024,152,3,,0.38073523,0.61926477
Nat-ag 8,5/31/2024,2024,152,4,,0.524628819,0.475371181
Nat-ag 8,6/24/2024,2024,176,8,,0.589572249,0.410427751
Ag 3,5/31/2024,2024,152,1,,0.467409081,0.532590919
Ag 3,5/31/2024,2024,152,8,,0.478727541,0.521272459
Ag 3,6/25/2024,2024,176,2,,0.234113505,0.765886495
Ag 3,6/25/2024,2024,176,3,,0.332313392,0.667686608
Ag 3,6/25/2024,2024,176,4,,0.187300427,0.812699573
Ag 3,6/25/2024,2024,176,5,,0.143912442,0.856087558
Ag 3,6/25/2024,2024,176,6,,0.194455202,0.805544798
Ag 3,6/25/2024,2024,176,7,,0.213793105,0.786206895
Ag 3,6/25/2024,2024,176,9,,0.200056204,0.799943796
Ag 3,7/29/2024,2024,211,1,,0.50905983,0.49094017
Ag 3,7/29/2024,2024,211,10,,0.32031006,0.67968994
Ag 3,7/29/2024,2024,211,2,,0.201823855,0.798176145
Ag 3,7/29/2024,2024,211,3,,0.294261748,0.705738252
Ag 3,7/29/2024,2024,211,4,,0.51926163,0.48073837
Ag 3,7/29/2024,2024,211,5,,0.187680977,0.812319023
Ag 3,7/29/2024,2024,211,6,,0.358149433,0.641850567
Ag 3,7/29/2024,2024,211,7,,0.153404837,0.846595163
Ag 3,7/29/2024,2024,211,8,,0.235697235,0.764302765
Ag 3,7/29/2024,2024,211,9,,0.387298777,0.612701223
Ag 5,5/31/2024,2024,152,2,,0.27695064,0.72304936
Ag 5,5/31/2024,2024,152,3,,0.840834394,0.159165606
Ag 5,5/31/2024,2024,152,6,,0.370305986,0.629694014
Ag 5,5/31/2024,2024,152,10,,0.458265156,0.541734844
Ag 5,5/31/2024,2024,152,7,,0.266917695,0.733082305
Ag 5,5/31/2024,2024,152,8,,0.771707837,0.228292163
Ag 5,5/31/2024,2024,152,9,,0.538633191,0.461366809
Ag 5,6/24/2024,2024,176,1,,0.726114093,0.273885907
Ag 5,6/24/2024,2024,176,2,edit,0.452371663,0.547628337
Ag 5,6/24/2024,2024,176,3,,0.62520787,0.37479213
Ag 5,6/24/2024,2024,176,5,,0.20553604,0.79446396
Ag 5,6/24/2024,2024,176,6,,0.529885957,0.470114043
Ag 5,6/24/2024,2024,176,7,,0.438468505,0.561531495
Ag 5,6/24/2024,2024,176,8,,0.231324689,0.768675311
Ag 5,6/24/2024,2024,176,9,,0.369005547,0.630994453
Ag-nat 2,5/28/2024,2024,149,4,,0.908313898,0.091686102
Ag-nat 2,5/28/2024,2024,149,9,,0.469041799,0.530958201
Ag 5,6/24/2024,2024,176,10,,0.491460931,0.508539069
Ag 5,7/29/2024,2024,211,1,,0.470050434,0.529949566
Ag 5,7/29/2024,2024,211,10,,0.47589584,0.52410416
Ag 5,7/29/2024,2024,211,3,,0.259954023,0.740045977
Ag 5,7/29/2024,2024,211,4,,0.41019819,0.58980181
Ag 5,7/29/2024,2024,211,6,,0.154241745,0.845758255
Ag 5,7/29/2024,2024,211,7,,0.217095557,0.782904443
Ag 5,7/29/2024,2024,211,9,,0.323778735,0.676221265
Ag 5,9/17/2024,2024,261,1,,0.691456478,0.308543522
Ag-nat 2,5/28/2024,2024,149,10,,0.453964004,0.546035996
Ag-nat 2,7/30/2024,2024,212,10,,0.424371279,0.575628721
Ag-nat 2,7/30/2024,2024,212,3,,0.659182365,0.340817635
Ag-nat 2,8/23/2024,2024,236,1,,0.680653777,0.319346223
Ag-nat 2,8/23/2024,2024,236,2,,0.854378052,0.145621948
Ag-nat 2,8/23/2024,2024,236,3,,0.837763883,0.162236117
Ag-nat 2,8/23/2024,2024,236,4,,0.467465358,0.532534642
Ag-nat 2,8/23/2024,2024,236,5,,0.71582764,0.28417236
Ag-nat 2,8/23/2024,2024,236,6,,0.471391527,0.528608473
Ag-nat 3,5/31/2024,2024,152,6,,0.384129491,0.615870509
Ag-nat 3,5/31/2024,2024,152,7,,0.566323994,0.433676006
Ag-nat 3,5/31/2024,2024,152,8,,0.643246315,0.356753685
Ag-nat 3,5/31/2024,2024,152,9,,0.656645046,0.343354954
Ag-nat 3,6/24/2024,2024,176,10,,0.219706551,0.780293449
Ag-nat 3,7/29/2024,2024,211,1,,0.158291115,0.841708885
Ag-nat 3,7/29/2024,2024,211,2,,0.16550096,0.83449904
Ag-nat 3,7/29/2024,2024,211,3,,0.090190641,0.909809359
Ag-nat 3,7/29/2024,2024,211,4,,0.126229466,0.873770534
Ag-nat 3,7/29/2024,2024,211,5,,0.127685128,0.872314872
Ag-nat 3,7/29/2024,2024,211,6,,0.25119121,0.74880879
Ag-nat 3,7/29/2024,2024,211,7,,0.341665921,0.658334079
Ag-nat 3,7/29/2024,2024,211,8,,0.121829245,0.878170755
Ag-nat 3,7/29/2024,2024,211,9,,0.360157345,0.639842655
Ag-nat 5,6/25/2024,2024,177,1,,0.49020723,0.50979277
Ag-nat 5,6/25/2024,2024,177,2,,0.534264484,0.465735516
Ag-nat 5,6/25/2024,2024,177,3,,0.433941514,0.566058486
Ag-nat 5,6/25/2024,2024,177,5,,0.586538545,0.413461455
Ag-nat 5,6/25/2024,2024,177,7,,0.236258386,0.763741614
Ag-nat 5,6/25/2024,2024,177,8,,0.372564769,0.627435231
Ag-nat 5,7/30/2024,2024,212,2,,0.641918249,0.358081751
Ag-nat 5,7/30/2024,2024,212,7,,0.438317976,0.561682024
Ag-nat 5,8/23/2024,2024,236,1,,0.713159187,0.286840813
Ag-nat 5,8/23/2024,2024,236,5,,0.746412636,0.253587364
Ag-nat 5,8/23/2024,2024,236,6,,0.761712589,0.238287411
Ag-nat 5,8/23/2024,2024,236,7,,0.480817235,0.519182765
Ag-nat 5,8/23/2024,2024,236,8,,0.606140737,0.393859263
Ag-nat 5,8/23/2024,2024,236,9,,0.424455637,0.575544363
Ag-nat 5,9/13/2024,2024,250,1,,0.710215885,0.289784115
Ag-nat 5,9/13/2024,2024,250,2,,0.583823589,0.416176411
Ag-nat 5,9/13/2024,2024,250,3,,0.471027023,0.528972977
Ag-nat 5,9/13/2024,2024,250,4,,0.284182561,0.715817439
Ag-nat 5,9/13/2024,2024,250,5,,0.798709757,0.201290243
Ag-nat 7,7/30/2024,2024,212,1,,0.353143093,0.646856907
Ag-nat 7,7/30/2024,2024,212,10,,0.222921738,0.777078262
Ag-nat 7,7/30/2024,2024,212,5,,0.40406224,0.59593776
Ag-nat 7,7/30/2024,2024,212,6,,0.471347779,0.528652221
Ag-nat 7,8/20/2024,2024,233,10,,0.468283825,0.531716175
Ag-nat 7,8/20/2024,2024,233,6,,0.338863281,0.661136719
Ag-nat 7,8/20/2024,2024,233,7,,0.298185562,0.701814438
Ag-nat 7,8/20/2024,2024,233,8,,0.566692288,0.433307712
Ag-nat 7,9/16/2024,2024,260,1,,0.398370835,0.601629165
Ag-nat 8,5/31/2024,2024,156,4,,0.459987424,0.540012576
Ag-nat 8,8/20/2024,2024,233,1,,0.306094203,0.693905797
Ag-nat 9,6/25/2024,2024,177,5,,0.267681227,0.732318773
Ag-nat 9,6/25/2024,2024,177,6,,0.187338722,0.812661278
Ag-nat 9,6/25/2024,2024,177,7,,0.497538159,0.502461841
Ag-nat 9,7/30/2024,2024,212,6,,0.335713792,0.664286208
Ag-nat 9,7/30/2024,2024,212,7,,0.387428453,0.612571547
Ag-nat 9,8/23/2024,2024,236,1,,0.150374823,0.849625177
Ag-nat 9,8/23/2024,2024,236,6,,0.540925495,0.459074505
Half 2,5/31/2024,2024,152,10,,0.603236685,0.396763315
Half 2,5/31/2024,2024,152,2,,0.726404542,0.273595458
Half 2,5/31/2024,2024,152,4,,0.837933444,0.162066556
Half 2,5/31/2024,2024,152,6,,0.929630543,0.070369457
Half 2,5/31/2024,2024,152,7,,0.79576224,0.20423776
Half 2,5/31/2024,2024,152,8,,0.45427468,0.54572532
Half 2,6/24/2024,2024,176,1,,0.80746168,0.19253832
Half 2,6/24/2024,2024,176,10,,0.36650875,0.63349125
Half 2,6/24/2024,2024,176,2,,0.651584486,0.348415514
Half 2,6/24/2024,2024,176,4,,0.50580524,0.49419476
Half 2,6/24/2024,2024,176,6,,0.474637303,0.525362697
Half 2,6/24/2024,2024,176,7,,0.572033006,0.427966994
Half 2,6/24/2024,2024,176,8,,0.084423514,0.915576486
Half 2,6/24/2024,2024,176,9,,0.339078546,0.660921454
Half 5,5/31/2024,2024,152,1,,0.22712271,0.77287729
Half 5,5/31/2024,2024,152,2,,0.224959172,0.775040828
Half 5,5/31/2024,2024,152,4,,0.303538759,0.696461241
Half 6,5/30/2024,2024,169,1,,0.184231374,0.815768626
Half 6,5/30/2024,2024,169,10,,0.172751096,0.827248904
Half 6,5/30/2024,2024,169,2,,0.861597047,0.138402953
Half 6,5/30/2024,2024,169,5,,0.548239006,0.451760994
Half 6,5/30/2024,2024,169,9,,0.387398854,0.612601146
Half 6,8/1/2024,2024,214,10,,0.687371992,0.312628008
Half 6,8/1/2024,2024,214,4,,0.434573079,0.565426921
Half 6,8/1/2024,2024,214,5,edit,0.435091389,0.564908611
Half 6,8/1/2024,2024,214,7,,0.454812082,0.545187918
Half 6,8/1/2024,2024,214,8,,0.502678654,0.497321346
Half 6,8/1/2024,2024,214,9,,0.427192753,0.572807247
Half 6,8/22/2024,2024,235,4,,0.91065431,0.08934569
Half 10,5/31/2024,2024,152,1,,0.424156599,0.575843401
Half 6,8/22/2024,2024,235,5,,0.604736082,0.395263918
Half 6,8/22/2024,2024,235,6,,0.3240322,0.6759678
Half 6,8/22/2024,2024,235,7,,0.471443319,0.528556681
Half 6,8/22/2024,2024,235,8,,0.402011757,0.597988243
Half 6,8/22/2024,2024,235,9,,0.428603294,0.571396706
Half 7,8/23/2024,2024,236,7,,0.127963509,0.872036491
Half 9,6/25/2024,2024,177,9,,0.370239216,0.629760784
Half 9,9/13/2024,2024,250,4,,0.532799486,0.467200514
Half 10,5/31/2024,2024,152,2,,0.607059255,0.392940745
Half 10,5/31/2024,2024,152,3,,0.436970506,0.563029494
Half 10,5/31/2024,2024,152,4,,0.615835946,0.384164054
Half 10,8/23/2024,2024,236,1,,0.22147098,0.77852902
Nat QC 1 alt,7/31/2024,2024,213,2,,0.31070622,0.68929378
Nat QC 1 alt,7/31/2024,2024,213,3,,0.396902029,0.603097971
Nat QC 1 alt,7/31/2024,2024,213,5,,0.279821067,0.720178933
Nat QC 1 alt,9/15/2024,2024,259,1,,0.448646509,0.551353491
Nat QC 1 alt,9/15/2024,2024,259,2,,0.924392859,0.075607141
Nat QC 1 alt,9/15/2024,2024,259,3,,0.498592598,0.501407402
Nat QC 1 alt,9/15/2024,2024,259,5,,0.372940493,0.627059507
Nat QC 1 alt,9/15/2024,2024,259,6,,0.7003678,0.2996322
Nat QC 1 old,8/21/2024,2024,234,6,,0.073412857,0.926587143
Nat QC 1 old,8/21/2024,2024,234,7,,0.106578809,0.893421191
Nat QC 1 old,8/21/2024,2024,234,10,,0.194270694,0.805729306
Nat QC 1 old,9/15/2024,2024,259,8,,0.391959839,0.608040161
Nat QC 3,7/31/2024,2024,213,2,,0.499366336,0.500633664
Nat QC 3,7/31/2024,2024,213,3,,0.418901363,0.581098637
Nat QC 3,7/31/2024,2024,213,4,,0.617196904,0.382803096
Nat QC 3,7/31/2024,2024,213,7,,0.280949304,0.719050696
Nat QC 3,7/31/2024,2024,213,8,,0.458040239,0.541959761
Nat QC 3,7/31/2024,2024,213,9,,0.233138447,0.766861553
Nat QC 3,9/15/2024,2024,259,2,,0.703313064,0.296686936
Nat QC 3,9/15/2024,2024,259,3,,0.50890779,0.49109221
Nat QC 3,9/15/2024,2024,259,4,,0.550941315,0.449058685
Nat QC 3,9/15/2024,2024,259,5,,0.624427936,0.375572064
Nat QC 4,5/29/2024,2024,150,2,,0.486756141,0.513243859
Nat QC 4,5/29/2024,2024,150,3,,0.384122098,0.615877902
Nat QC 4,5/29/2024,2024,150,4,,0.505581345,0.494418655
Nat QC 4,6/26/2024,2024,178,1,,0.46720072,0.53279928
Nat QC 4,6/26/2024,2024,178,5,,0.521501833,0.478498167
Nat QC 4,6/26/2024,2024,178,6,,0.452677346,0.547322654
Nat QC 4,6/26/2024,2024,178,8,,0.417503973,0.582496027
Nat QC 4,7/31/2024,2024,213,1,,0.610693704,0.389306296
Nat QC 4,7/31/2024,2024,213,2,,0.266954346,0.733045654
Nat QC 4,7/31/2024,2024,213,4,,0.518956961,0.481043039
Nat QC 4,7/31/2024,2024,213,5,,0.651906996,0.348093004
Nat QC 4,7/31/2024,2024,213,10,,0.39693538,0.60306462
Nat QC 4,7/31/2024,2024,213,6,,0.823173517,0.176826483
Nat QC 4,7/31/2024,2024,213,7,,0.679613822,0.320386178
Nat QC 4,7/31/2024,2024,213,8,,0.924267892,0.075732108
Nat QC 4,7/31/2024,2024,213,9,,0.811741663,0.188258337
Nat QC 4,9/15/2024,2024,259,1,,0.401992531,0.598007469
Nat QC 4,9/15/2024,2024,259,9,,0.57385348,0.42614652
Nat QC 6,6/26/2024,2024,178,6,,0.52231014,0.47768986
Nat QC 6,9/15/2024,2024,259,1,,0.465291674,0.534708326
Nat QC 6,9/15/2024,2024,259,2,,0.514814013,0.485185987
Nat QC 6,9/15/2024,2024,259,3,,0.59403304,0.40596696
Nat QC 6,9/15/2024,2024,259,4,,0.680756772,0.319243228
Nat QC 6,9/15/2024,2024,259,5,,0.633429305,0.366570695
Nat QC 6,9/15/2024,2024,259,6,,0.799490165,0.200509835
Nat QC 6,9/15/2024,2024,259,7,,0.926378995,0.073621005
Nat QC 6,9/15/2024,2024,259,8,,0.451510161,0.548489839
Nat QC 6,9/15/2024,2024,259,9,,0.675839105,0.324160895
Nat QC 7,6/26/2024,2024,178,9,,0.868559171,0.131440829
Nat QC 7,7/31/2024,2024,213,8,,0.502367904,0.497632096
Nat QC 7,7/31/2024,2024,213,9,,0.624438138,0.375561862
Nat QC 7,8/21/2024,2024,234,2,,0.497786687,0.502213313
Nat QC 7,8/21/2024,2024,234,3,,0.311164695,0.688835305
Nat QC 7,8/21/2024,2024,234,7,,0.452024352,0.547975648
Nat QC 7,8/21/2024,2024,234,9,,0.488722737,0.511277263
Nat QC 7,9/15/2024,2024,259,1,,0.761942905,0.238057095
Nat QC 7,9/15/2024,2024,259,2,,0.529855595,0.470144405
Nat QC 7,9/15/2024,2024,259,3,,0.44060113,0.55939887
Nat-ag 1,5/30/2024,2024,151,1,,0.707406772,0.292593228
Nat-ag 1,5/30/2024,2024,151,4,,0.825961622,0.174038378
Nat-ag 1,5/30/2024,2024,151,5,,0.96209641,0.03790359
Nat-ag 1,5/30/2024,2024,151,6,,0.984583333,0.015416667
Nat-ag 2,6/28/2024,2024,180,2,,0.935560092,0.064439908
Nat-ag 2,6/28/2024,2024,180,4,,0.620125119,0.379874881
Nat QC 7,9/15/2024,2024,259,7,,0.874029729,0.125970271
Nat QC 7,9/15/2024,2024,259,8,,0.617765966,0.382234034
Nat QC 9,7/31/2024,2024,213,1,,0.536245403,0.463754597
Nat QC 9,7/31/2024,2024,213,2,,0.999874052,0.000125948
Nat QC 9,8/21/2024,2024,234,5,,0.208214055,0.791785945
Nat-ag 2,6/28/2024,2024,180,10,,0.609543483,0.390456517
Nat-ag 2,6/28/2024,2024,180,5,,0.79939373,0.20060627
Nat-ag 2,6/28/2024,2024,180,6,,0.71938743,0.28061257
Nat-ag 2,6/28/2024,2024,180,7,,0.660972906,0.339027094
Nat-ag 2,6/28/2024,2024,180,9,,0.878838771,0.121161229
Nat-ag 2,8/1/2024,2024,214,1,,0.9814611,0.0185389
Nat-ag 2,8/1/2024,2024,214,2,,0.973620142,0.026379858
Nat-ag 3,5/30/2024,2024,151,2,,0.824153536,0.175846464
Nat-ag 3,5/30/2024,2024,151,4,,0.641412307,0.358587693
Nat-ag 3,5/30/2024,2024,151,5,,0.654248011,0.345751989
Nat-ag 3,5/30/2024,2024,151,6,,0.89025289,0.10974711
Nat-ag 3,5/30/2024,2024,151,9,,0.697808419,0.302191581
Nat-ag 3,6/28/2024,2024,180,10,,0.704405666,0.295594334
Nat-ag 3,6/28/2024,2024,180,4,,0.484954412,0.515045588
Nat-ag 3,6/28/2024,2024,180,6,,0.844842938,0.155157062
Nat-ag 3,6/28/2024,2024,180,9,,0.430464969,0.569535031
Nat-ag 4,7/30/2024,2024,212,9,,0.224789576,0.775210424
Nat-ag 4,8/23/2024,2024,236,1,,0.709382509,0.290617491
Nat-ag 4,8/23/2024,2024,236,2,,0.409666932,0.590333068
Nat-ag 4,8/23/2024,2024,236,4,,0.134119273,0.865880727
Nat-ag 4,8/23/2024,2024,236,6,,0.34526074,0.65473926
Nat-ag 4,8/23/2024,2024,236,7,,0.188290511,0.811709489
Nat-ag 4,8/23/2024,2024,236,8,,0.252008304,0.747991696
Nat-ag 4,8/23/2024,2024,236,9,,0.342492824,0.657507176
Nat-ag 4,9/13/2024,2024,250,1,,0.670425493,0.329574507
Nat-ag 4,9/13/2024,2024,250,10,,0.350117983,0.649882017
Nat-ag 4,9/13/2024,2024,250,2,,0.163095389,0.836904611
Nat-ag 4,9/13/2024,2024,250,9,,0.342796708,0.657203292
Nat-ag 5 new,6/28/2024,2024,180,4,,0.938453384,0.061546616
Nat-ag 5 new,6/28/2024,2024,180,5,,0.764602158,0.235397842
Nat-ag 5 new,6/28/2024,2024,180,6,,0.585856707,0.414143293
Nat-ag 5 new,8/1/2024,2024,214,2,,0.919202305,0.080797695
Nat-ag 5 old,6/28/2024,2024,180,1,,0.928448718,0.071551282
Nat-ag 5 old,6/28/2024,2024,180,2,,0.777099694,0.222900306
Nat-ag 5 old,6/28/2024,2024,180,4,,0.618775584,0.381224416
Nat-ag 5 old,6/28/2024,2024,180,7,,0.759553774,0.240446226
Nat-ag 5 old,6/28/2024,2024,180,9,,0.613962268,0.386037732
Nat-ag 5 old,6/28/2024,2024,180,10,,0.621591697,0.378408303
Nat-ag 5 old,6/28/2024,2024,180,11,,0.833645449,0.166354551
Nat-ag 6,6/28/2024,2024,180,1,,0.198070196,0.801929804
Nat-ag 6,6/28/2024,2024,180,10,,0.232916755,0.767083245
Nat-ag 6,6/28/2024,2024,180,2,,0.575622275,0.424377725
Nat-ag 6,6/28/2024,2024,180,3,,0.8577352,0.1422648
Nat-ag 6,8/1/2024,2024,214,5,,0.382127645,0.617872355
Nat-ag 6,9/12/2024,2024,256,1,,0.282944267,0.717055733
Nat-ag 6,9/12/2024,2024,256,2,,0.610119874,0.389880126
Nat-ag 6,9/12/2024,2024,256,4,,0.18144419,0.81855581
Nat-ag 6,9/12/2024,2024,256,5,,0.297585248,0.702414752
Nat-ag 6,9/12/2024,2024,256,7,,0.262309763,0.737690237
Nat-ag 6,9/12/2024,2024,256,9,,0.290649861,0.709350139
Nat-ag 7 new,5/30/2024,2024,151,6,,0.517028651,0.482971349
Nat-ag 7 new,8/1/2024,2024,214,2,,0.345536374,0.654463626
Nat-ag 7 new,8/1/2024,2024,214,5,,0.5235884,0.4764116
Nat-ag 7 new,8/1/2024,2024,214,8,,0.85929925,0.14070075
Nat-ag 7 new,8/1/2024,2024,214,9,,0.480818412,0.519181588
Nat-ag 7 new,8/22/2024,2024,235,1,,0.28497317,0.71502683
Nat-ag 7 new,8/22/2024,2024,235,2,,0.474795462,0.525204538
Nat-ag 7 new,8/22/2024,2024,235,10,,0.844875245,0.155124755
Nat-ag 7 new,8/22/2024,2024,235,9,,0.221492952,0.778507048
Nat-ag 7 old,6/28/2024,2024,180,9,,0.611864911,0.388135089
Nat-ag 7 old,8/22/2024,2024,235,3,,0.487028518,0.512971482
Nat-ag 7 old,8/8/2024,2024,221,10,,0.499627649,0.500372351
Nat-ag 7 old,8/8/2024,2024,221,6,,0.312304506,0.687695494
Nat-ag 7 old,8/8/2024,2024,221,7,,0.21123583,0.78876417
Nat-ag 7 old,8/8/2024,2024,221,8,,0.261455003,0.738544997
Nat-ag 7 old,8/8/2024,2024,221,9,,0.484782639,0.515217361
Nat-ag 8,5/31/2024,2024,152,10,,0.443144354,0.556855646
Nat-ag 8,5/31/2024,2024,152,5,,0.846093889,0.153906111
Nat-ag 8,7/29/2024,2024,211,10,,0.432838251,0.567161749
Nat-ag 8,7/29/2024,2024,211,9,,0.593203391,0.406796609
Nat-ag 9,8/20/2024,2024,233,10,,0.232029437,0.767970563
Nat-ag 9,8/20/2024,2024,233,7,,0.783161243,0.216838757
Nat-ag 9,8/20/2024,2024,233,9,,0.704803254,0.295196746
Ag-nat 2,5/28/2024,2024,149,2,,0.350488716,0.649511284
Ag-nat 3,9/17/2024,2024,261,2,,0.397741879,0.602258121
Ag-nat 7,8/20/2024,2024,233,1,,0.413300987,0.586699013
Ag-nat 7,8/20/2024,2024,233,2,,0.638474489,0.361525511
Ag-nat 7,8/20/2024,2024,233,3,,0.422455377,0.577544623
Half 9,6/25/2024,2024,177,10,,0.323165932,0.676834068
Nat-ag 7 old,8/22/2024,2024,235,4,,0.503992674,0.496007326
Nat-ag 7 old,8/22/2024,2024,235,5,,0.313728387,0.686271613
Nat QC 1 alt,7/31/2024,2024,213,6,,0.332371262,0.667628738
Nat QC 1 old,8/21/2024,2024,234,3,,0.503634644,0.496365356
Nat QC 1 old,8/21/2024,2024,234,4,,0.253382355,0.746617645
Nat QC 1 old,8/21/2024,2024,234,5,,0.111760143,0.888239857
Nat-ag 4,8/23/2024,2024,236,5,,0.291489711,0.708510289
Nat-ag 4,9/13/2024,2024,250,4,,0.165897049,0.834102951
Nat-ag 4,9/13/2024,2024,250,6,,0.151540334,0.848459666
Nat-ag 7 old,8/22/2024,2024,235,6,,0.585314368,0.414685632
Nat QC 4,7/31/2024,2024,213,3,,0.334250871,0.665749129
Nat QC 4,9/15/2024,2024,259,2,,0.526518166,0.473481834
Nat QC 4,9/15/2024,2024,259,3,,0.558900571,0.441099429
Nat QC 4,9/15/2024,2024,259,4,,0.809278611,0.190721389
Nat QC 4,9/15/2024,2024,259,5,,0.800131677,0.199868323
Nat QC 4,9/15/2024,2024,259,6,,0.913388288,0.086611712
Nat QC 4,9/15/2024,2024,259,8,,0.940226817,0.059773183
Nat QC 7,9/15/2024,2024,259,6,,0.607624257,0.392375743
Nat-ag 4,9/13/2024,2024,250,7,,0.410590748,0.589409252
Nat-ag 4,9/13/2024,2024,250,8,,0.38699607,0.61300393
Nat-ag 6,8/1/2024,2024,214,7,,0.293955902,0.706044098
Nat-ag 6,9/12/2024,2024,256,10,,0.564005198,0.435994802
Ag-nat 3,5/31/2024,2024,152,5,,0.303830386,0.696169614
Ag-nat 9,6/25/2024,2024,177,2,,0.307985626,0.692014374
Ag 3,5/31/2024,2024,152,5,,0.466126119,0.533873881
Half 5,5/31/2024,2024,152,5,,0.3583974,0.6416026
Half 5,6/24/2024,2024,176,1,,0.077451767,0.922548233
Half 5,6/24/2024,2024,176,4,,0.182179185,0.817820815
Nat-ag 5 new,6/28/2024,2024,180,3,,0.656931371,0.343068629
Nat-ag 9,8/20/2024,2024,233,8,,0.512381566,0.487618434
Ag-nat 8,5/31/2024,2024,156,3,,0.889500923,0.110499077
Ag 3,9/17/2024,2024,261,7,,0.858987322,0.141012678
Ag 5,5/31/2024,2024,152,5,,0.861637894,0.138362106
Half 2,6/24/2024,2024,176,3,,0.712401544,0.287598456
Half 5,5/31/2024,2024,152,3,,0.590064382,0.409935618
Half 5,5/31/2024,2024,152,6,,0.462964374,0.537035626
Half 5,5/31/2024,2024,152,8,,0.425372595,0.574627405
Nat-ag 2,8/1/2024,2024,214,3,,0.998580435,0.001419565
Nat-ag 2,8/1/2024,2024,214,4,,0.995302252,0.004697748
Nat QC 6,5/29/2024,2024,164,6,,0.834427721,0.165572279
Nat QC 6,5/29/2024,2024,164,7,,0.686784836,0.313215164
Nat QC 6,5/29/2024,2024,164,9,,0.898592997,0.101407003
Nat-ag 2,8/1/2024,2024,214,10,,0.975679257,0.024320743
Nat-ag 2,8/1/2024,2024,214,11,,0.952345892,0.047654108
Nat-ag 2,8/1/2024,2024,214,6,,1,0
Nat-ag 2,8/1/2024,2024,214,7,,0.854724507,0.145275493
Nat-ag 2,8/1/2024,2024,214,9,,0.990142498,0.009857502
Nat-ag 2,9/12/2024,2024,256,2,,0.920188899,0.079811101
Nat-ag 2,9/12/2024,2024,256,3,,0.928334134,0.071665866
Nat-ag 2,9/12/2024,2024,256,4,,0.95217698,0.04782302
Nat-ag 2,9/12/2024,2024,256,5,,0.998792507,0.001207493
Nat-ag 2,9/12/2024,2024,256,6,,0.899068455,0.100931545
Nat-ag 2,9/12/2024,2024,256,7,,0.858972805,0.141027195
Nat-ag 2,9/12/2024,2024,256,8,,0.822407234,0.177592766
Nat-ag 2,9/12/2024,2024,256,10,,0.991466826,0.008533174
Nat-ag 5 new,8/1/2024,2024,214,10,,0.97873242,0.02126758
Nat-ag 5 new,8/1/2024,2024,214,3,,0.988371377,0.011628623
Nat-ag 5 new,8/1/2024,2024,214,4,,0.981474637,0.018525363
Nat-ag 5 new,8/1/2024,2024,214,5,,0.986012523,0.013987477
Nat-ag 5 new,8/1/2024,2024,214,6,,0.987317101,0.012682899
Nat-ag 5 new,8/1/2024,2024,214,7,,0.995587891,0.004412109
Nat-ag 5 new,8/1/2024,2024,214,8,,0.96499858,0.03500142
Nat-ag 5 new,8/1/2024,2024,214,9,,0.975096011,0.024903989
Nat QC 1 alt,6/26/2024,2024,178,10,,0.627632595,0.372367405
Nat QC 1 alt,6/26/2024,2024,178,8,,0.449195856,0.550804144
Nat QC 1 alt,6/26/2024,2024,178,9,,0.817366388,0.182633612
Nat-ag 5 old,9/12/2024,2024,256,7,,0.56093634,0.43906366
Nat-ag 6,9/12/2024,2024,256,3,,0.851999947,0.148000053
Nat-ag 7 new,8/1/2024,2024,214,10,,0.848703715,0.151296285
Ag-nat 8,5/31/2024,2024,156,10,edit3,0.95390509,0.04609491
Half 7,5/28/2024,2024,149,1,edit,0.73781589,0.26218411
Nat-ag 2,5/30/2024,2024,151,10,,0.843376359,0.156623641
Nat-ag 2,5/30/2024,2024,151,2,edit,0.967573845,0.032426155
Nat-ag 2,5/30/2024,2024,151,3,edit,0.999743133,0.000256867
Nat-ag 2,5/30/2024,2024,151,4,edit,0.869893192,0.130106808
Nat-ag 2,5/30/2024,2024,151,5,edit,0.988194514,0.011805486
Nat-ag 2,5/30/2024,2024,151,9,,0.962850669,0.037149331
Nat-ag 2,5/30/2024,2024,151,9,edit,0.998376905,0.001623095
Nat-ag 2,6/8/2024,2024,160,7,,0.804352368,0.195647632
Ag-nat 9,5/28/2024,2024,149,3,,0.527489904,0.472510096
Ag 3,6/25/2024,2024,176,10,,0.659242194,0.340757806
Ag 3,6/25/2024,2024,176,8,,0.32552919,0.67447081
Half 2,6/24/2024,2024,176,5,,0.72406917,0.27593083
Nat-ag 2,6/28/2024,2024,180,1,,0.94563742,0.05436258
Nat-ag 2,6/28/2024,2024,180,8,,0.869615312,0.130384688
Nat-ag 2,6/8/2024,2024,160,7,edit,0.901716847,0.098283153
Nat QC 1 alt,7/31/2024,2024,213,1,,0.528245735,0.471754265
Nat QC 1 alt,7/31/2024,2024,213,4,,0.44113343,0.55886657
Nat QC 1 alt,7/31/2024,2024,213,8,,0.599893356,0.400106644
Nat-ag 5 old,5/30/2024,2024,151,1,edit,0.984784935,0.015215065
Nat-ag 5 old,5/30/2024,2024,151,2,,0.630267448,0.369732552
Nat-ag 5 old,5/30/2024,2024,151,6,,0.943303619,0.056696381
Nat-ag 5 old,5/30/2024,2024,151,7,,0.748068979,0.251931021
Nat-ag 5 old,5/30/2024,2024,151,10,,0.621821268,0.378178732
Nat-ag 5 old,5/30/2024,2024,151,8,,0.783719328,0.216280672
Nat-ag 5 old,5/30/2024,2024,151,9,,0.724276353,0.275723647
Nat-ag 5 old,6/28/2024,2024,180,5,,0.94945076,0.05054924
Nat-ag 5 old,6/28/2024,2024,180,6,,0.952130192,0.047869808
Nat-ag 5 old,6/28/2024,2024,180,8,,0.919507459,0.080492541
Ag-nat 2,5/28/2024,2024,149,3,,0.965749263,0.034250737
Ag-nat 2,5/28/2024,2024,149,5,,0.917047974,0.082952026
Ag-nat 2,5/28/2024,2024,149,8,,0.760451238,0.239548762
Ag-nat 3,7/29/2024,2024,211,10,,0.37935247,0.62064753
Ag-nat 5,6/25/2024,2024,177,4,,0.374149962,0.625850038
Ag-nat 5,6/25/2024,2024,177,6,,0.249434224,0.750565776
Ag-nat 5,6/25/2024,2024,177,9,,0.520785825,0.479214175
Ag-nat 7,7/30/2024,2024,212,8,,0.681184054,0.318815946
Ag-nat 7,7/30/2024,2024,212,9,,0.60642206,0.39357794
Ag-nat 8,5/31/2024,2024,156,1,,0.598877993,0.401122007
Ag-nat 8,5/31/2024,2024,156,2,,0.54311148,0.45688852
Ag 3,6/25/2024,2024,176,1,,0.404653343,0.595346657
Ag-nat 8,5/31/2024,2024,156,5,,0.45200274,0.54799726
Ag-nat 8,5/31/2024,2024,156,6,,0.704184541,0.295815459
Ag-nat 8,5/31/2024,2024,156,7,,0.768961439,0.231038561
Ag-nat 8,5/31/2024,2024,156,8,,0.664555301,0.335444699
Ag-nat 8,5/31/2024,2024,156,9,,0.79954573,0.20045427
Half 2,5/31/2024,2024,152,9,,0.795892834,0.204107166
Nat QC 3,7/31/2024,2024,213,5,,0.652221866,0.347778134
Nat QC 7,8/21/2024,2024,234,5,,0.806508341,0.193491659
Nat QC 7,8/21/2024,2024,234,8,,0.435625786,0.564374214
Nat QC 7,9/15/2024,2024,259,4,,0.804083741,0.195916259
Nat-ag 1,5/30/2024,2024,151,7,,0.705572567,0.294427433
Nat-ag 1,5/30/2024,2024,151,8,,0.941815046,0.058184954
Nat-ag 2,5/30/2024,2024,151,1,,0.959116667,0.040883333
Nat-ag 2,5/30/2024,2024,151,6,,0.933538146,0.066461854
Nat-ag 2,5/30/2024,2024,151,7,,0.878557356,0.121442644
Nat-ag 2,5/30/2024,2024,151,8,,0.944438902,0.055561098
Nat QC 9,8/21/2024,2024,234,9,,0.67806517,0.32193483
Nat-ag 2,6/8/2024,2024,160,5,,0.85707634,0.14292366
Nat-ag 5 old,5/30/2024,2024,151,3,,0.979796054,0.020203946
Nat-ag 5 old,5/30/2024,2024,151,4,,0.880749565,0.119250435
Nat-ag 5 old,5/30/2024,2024,151,5,,0.894580729,0.105419271
Nat-ag 7 new,8/1/2024,2024,214,3,,0.998611432,0.001388568
Nat-ag 7 new,8/1/2024,2024,214,4,,0.899596966,0.100403034
Ag-nat 5,5/28/2024,2024,149,7,,0.827642383,0.172357617
Ag-nat 5,5/28/2024,2024,149,8,,0.644289861,0.355710139
Half 9,6/25/2024,2024,177,3,,0.712444748,0.287555252
Half 9,6/25/2024,2024,177,5,,0.615533322,0.384466678
Half 9,6/25/2024,2024,177,6,,0.821472533,0.178527467
Half 9,6/25/2024,2024,177,7,,0.734640594,0.265359406
Nat-ag 2,6/8/2024,2024,160,1,,0.923804291,0.076195709
Nat-ag 2,6/8/2024,2024,160,2,,0.461754466,0.538245534
Nat-ag 2,6/8/2024,2024,160,3,,0.839359371,0.160640629
Nat-ag 2,6/8/2024,2024,160,4,,0.863460709,0.136539291
Nat-ag 2,6/8/2024,2024,160,6,,0.649453156,0.350546844
Nat-ag 2,6/8/2024,2024,160,8,,0.583818658,0.416181342
Nat-ag 5 new,6/8/2024,2024,160,5,,0.816699083,0.183300917
Nat-ag 5 new,6/8/2024,2024,160,7,,0.808765065,0.191234935
Nat-ag 5 new,6/8/2024,2024,160,8,,0.706720025,0.293279975
Nat QC 1 alt,5/29/2024,2024,164,2,,0.556984669,0.443015331
Nat QC 1 alt,5/29/2024,2024,164,3,,0.638540617,0.361459383
Nat QC 1 alt,5/29/2024,2024,164,4,,0.588598981,0.411401019
Nat QC 1 alt,5/29/2024,2024,164,5,,0.729985955,0.270014045
Nat QC 1 alt,5/29/2024,2024,164,6,,0.519969663,0.480030337
Nat QC 1 alt,5/29/2024,2024,164,9,,0.879468764,0.120531236
Nat QC 3,5/29/2024,2024,150,1,,0.80355879,0.19644121
Nat QC 3,5/29/2024,2024,150,2,,0.70718545,0.29281455
Nat QC 3,5/29/2024,2024,150,3,,0.478811199,0.521188801
Nat-ag 5 new,6/8/2024,2024,160,10,,0.836564663,0.163435337
Nat-ag 5 new,6/8/2024,2024,160,4,,0.671195163,0.328804837
Nat-ag 5 new,6/8/2024,2024,160,9,,0.675950939,0.324049061
Nat QC 1 alt,5/29/2024,2024,164,8,,0.626250853,0.373749147
Nat QC 1 alt,6/26/2024,2024,178,6,,0.591965553,0.408034447
Nat QC 3,5/29/2024,2024,150,5,,0.709136109,0.290863891
Nat QC 6,7/31/2024,2024,213,9,,0.877205073,0.122794927
Nat QC 6,8/21/2024,2024,234,7,,0.603434029,0.396565971
Nat QC 6,8/21/2024,2024,234,8,,0.728835219,0.271164781
Nat QC 7,8/21/2024,2024,234,11,,0.533347419,0.466652581
Nat QC 7,8/21/2024,2024,234,12,,0.595564232,0.404435768
Nat QC 9,6/26/2024,2024,178,2,,0.485574193,0.514425807
Nat QC 7,8/21/2024,2024,234,6,,0.791165817,0.208834183
Nat QC 1 old,5/29/2024,2024,150,6,,0.194762539,0.805237461
Nat QC 3,5/29/2024,2024,150,4,,0.43989895,0.56010105
Nat QC 6,7/31/2024,2024,213,8,,0.739360521,0.260639479
Nat QC 6,8/21/2024,2024,234,10,,0.557065298,0.442934702
Nat QC 6,8/21/2024,2024,234,6,,0.56706974,0.43293026
Nat QC 6,8/21/2024,2024,234,9,,0.747137328,0.252862672
Ag-nat 2,6/25/2024,2024,177,10,,0.98907959,0.01092041
Ag-nat 2,6/25/2024,2024,177,2,,0.683452148,0.316547852
Ag-nat 2,6/25/2024,2024,177,5,,0.814981921,0.185018079
Ag-nat 2,6/25/2024,2024,177,6,,0.738410534,0.261589466
Ag-nat 2,6/25/2024,2024,177,9,edit3,0.975079751,0.024920249
Ag-nat 5,5/28/2024,2024,149,10,,0.486835555,0.513164445
Ag-nat 5,5/28/2024,2024,149,3,,0.86413638,0.13586362
Ag-nat 5,5/28/2024,2024,149,6,,0.984524436,0.015475564
Ag-nat 5,5/28/2024,2024,149,9,,0.512731295,0.487268705
Nat QC 7,5/29/2024,2024,150,2,,0.829818166,0.170181834
Nat-ag 4,5/28/2024,2024,149,5,,0.626995331,0.373004669
Nat-ag 4,5/28/2024,2024,149,6,,0.617120481,0.382879519
Nat-ag 4,5/28/2024,2024,149,8,,0.591504704,0.408495296
Nat-ag 4,5/28/2024,2024,149,9,,0.707567881,0.292432119
Nat-ag 5 new,8/1/2024,2024,214,1,,0.980983204,0.019016796
Nat-ag 5 new,8/22/2024,2024,235,1,,0.806246243,0.193753757
Nat-ag 5 new,9/12/2024,2024,256,1,,0.961972685,0.038027315
Nat-ag 5 new,9/12/2024,2024,256,2,,0.916967608,0.083032392
Nat-ag 5 new,9/12/2024,2024,256,3,,0.98972169,0.01027831
Nat QC 7,5/29/2024,2024,150,5,,0.8514502,0.1485498
Nat QC 7,5/29/2024,2024,150,6,,0.821185619,0.178814381
Nat-ag 5 new,9/12/2024,2024,256,10,,0.981604705,0.018395295
Nat-ag 5 new,9/12/2024,2024,256,5,,0.985507135,0.014492865
Nat-ag 5 new,9/12/2024,2024,256,6,,0.962061555,0.037938445
Nat-ag 5 new,9/12/2024,2024,256,7,,0.984286106,0.015713894
Nat-ag 5 new,9/12/2024,2024,256,8,,0.972754396,0.027245604
Nat-ag 5 new,9/12/2024,2024,256,9,,0.991955406,0.008044594
Nat-ag 5 old,9/12/2024,2024,256,11,,0.900859782,0.099140218
Nat-ag 5 old,9/12/2024,2024,256,4,,0.970298407,0.029701593
Nat-ag 5 old,9/12/2024,2024,256,6,,0.922135994,0.077864006
Nat-ag 5 new,8/22/2024,2024,235,1,edit3,0.948492899,0.051507101
Nat-ag 5 new,8/22/2024,2024,235,10,edit,0.978409899,0.021590101
Nat-ag 5 new,8/22/2024,2024,235,2,edit,0.997318599,0.002681401
Nat-ag 5 new,8/22/2024,2024,235,3,edit,0.994904789,0.005095211
Nat-ag 5 new,8/22/2024,2024,235,4,edit,0.992281262,0.007718738
Nat-ag 5 new,8/22/2024,2024,235,5,edit,0.964985828,0.035014172
Nat-ag 5 new,8/22/2024,2024,235,6,edit,0.963433252,0.036566748
Nat-ag 5 new,8/22/2024,2024,235,7,edit,0.989856859,0.010143141
Nat-ag 5 new,8/22/2024,2024,235,8,edit,0.963414575,0.036585425
Nat-ag 5 new,8/22/2024,2024,235,9,edit,0.919534439,0.080465561
Ag-nat 2,5/28/2024,2024,149,1,,0.749764476,0.250235524
Ag-nat 2,6/25/2024,2024,177,7,,0.641849845,0.358150155
Ag-nat 2,6/25/2024,2024,177,8,,0.739926404,0.260073596
Half 7,5/28/2024,2024,149,10,,0.39418011,0.60581989
Half 7,5/28/2024,2024,149,3,,0.2790641,0.7209359
Half 7,5/28/2024,2024,149,5,,0.392278546,0.607721454
Half 7,5/28/2024,2024,149,6,,0.485755257,0.514244743
Half 7,5/28/2024,2024,149,7,,0.307379789,0.692620211
Half 7,5/28/2024,2024,149,9,,0.176034794,0.823965206
Half 9,6/25/2024,2024,177,1,,0.430523687,0.569476313
Half 9,6/25/2024,2024,177,2,,0.237294496,0.762705504
Half 9,6/25/2024,2024,177,4,,0.317768185,0.682231815
Half 9,5/28/2024,2024,149,2,,0.972770267,0.027229733
Nat-ag 3,9/12/2024,2024,256,2,,0.914390576,0.085609424
Nat-ag 3,9/12/2024,2024,256,5,,0.947313656,0.052686344
Nat-ag 3,9/12/2024,2024,256,6,,0.833522452,0.166477548
Nat-ag 4,5/28/2024,2024,149,10,,0.767993244,0.232006756
Nat-ag 4,5/28/2024,2024,149,7,,0.441167535,0.558832465
Nat-ag 5 old,6/8/2024,2024,160,10,,0.654856205,0.345143795
Nat-ag 5 old,6/8/2024,2024,160,5,,0.871021208,0.128978792
Nat-ag 5 old,6/8/2024,2024,160,9,,0.706185867,0.293814133
Nat-ag 6,9/12/2024,2024,256,6,,0.700496887,0.299503113
Nat-ag 6,9/12/2024,2024,256,8,,0.469066195,0.530933805
Nat-ag 7 old,8/8/2024,2024,221,2,,0.347974707,0.652025293
Nat-ag 7 old,8/8/2024,2024,221,3,,0.269531575,0.730468425
Nat-ag 7 old,9/12/2024,2024,256,9,,0.88342852,0.11657148
Nat QC 1 alt,5/29/2024,2024,164,1,,0.700816791,0.299183209
Nat QC 1 alt,5/29/2024,2024,164,10,,0.562178286,0.437821714
Nat QC 1 old,5/29/2024,2024,150,10,,0.609620368,0.390379632
Nat-ag 9,5/28/2024,2024,149,9,,0.995869875,0.004130125
Nat QC 3,5/29/2024,2024,150,10,,0.428440622,0.571559378
Nat QC 3,5/29/2024,2024,150,6,,0.645718915,0.354281085
Nat QC 3,5/29/2024,2024,150,7,,0.597017933,0.402982067
Nat QC 3,5/29/2024,2024,150,8,,0.442204472,0.557795528
Nat QC 3,8/21/2024,2024,234,4,,0.898960555,0.101039445
Nat QC 4,5/29/2024,2024,150,1,,0.796181578,0.203818422
Nat QC 4,5/29/2024,2024,150,10,,0.612427221,0.387572779
Nat QC 4,5/29/2024,2024,150,5,,0.848886997,0.151113003
Nat QC 4,5/29/2024,2024,150,6,,0.864278251,0.135721749
Nat QC 4,5/29/2024,2024,150,7,,0.933334055,0.066665945
Nat QC 4,5/29/2024,2024,150,8,,0.953624553,0.046375447
Nat QC 4,5/29/2024,2024,150,9,,0.589838139,0.410161861
Nat QC 6,5/29/2024,2024,164,1,,0.705315699,0.294684301
Nat QC 6,5/29/2024,2024,164,10,,0.64795518,0.35204482
Nat QC 6,5/29/2024,2024,164,2,,0.638319884,0.361680116
Nat QC 6,5/29/2024,2024,164,3,,0.543949048,0.456050952
Nat QC 6,5/29/2024,2024,164,4,,0.85676933,0.14323067
Nat QC 6,5/29/2024,2024,164,5,,0.496359256,0.503640744
Nat QC 6,5/29/2024,2024,164,8,,0.923756488,0.076243512
Nat QC 7,5/29/2024,2024,150,1,,0.601233591,0.398766409
Nat QC 7,5/29/2024,2024,150,10,,0.295396079,0.704603921
Nat QC 7,5/29/2024,2024,150,3,,0.816591858,0.183408142
Nat QC 7,5/29/2024,2024,150,4,,0.507818545,0.492181455
Nat QC 7,5/29/2024,2024,150,7,,0.555317977,0.444682023
Nat QC 7,5/29/2024,2024,150,8,,0.792285891,0.207714109
Nat QC 9,5/29/2024,2024,150,5,,0.702191419,0.297808581
Half 9,6/25/2024,2024,177,8,,0.555876683,0.444123317
Nat QC 9,5/29/2024,2024,150,10,,0.743470547,0.256529453
Nat QC 9,5/29/2024,2024,150,6,,0.773046655,0.226953345
Nat QC 9,5/29/2024,2024,150,7,,0.538214883,0.461785117
Nat QC 9,5/29/2024,2024,150,8,,0.891931893,0.108068107
Nat QC 9,5/29/2024,2024,150,9,,0.726874295,0.273125705
Nat QC 9,6/26/2024,2024,178,6,,0.498638682,0.501361318
Nat QC 9,6/26/2024,2024,178,8,,0.208924999,0.791075001
Nat QC 9,8/21/2024,2024,234,1,,0.52215059,0.47784941
Nat QC 9,8/21/2024,2024,234,2,,0.809180521,0.190819479
Nat QC 9,8/21/2024,2024,234,3,,0.935091193,0.064908807
Nat-ag 3,9/12/2024,2024,256,10,,0.771129272,0.228870728
Nat-ag 3,9/12/2024,2024,256,3,,0.72219783,0.27780217
Nat-ag 3,9/12/2024,2024,256,4,,0.915634167,0.084365833
Nat-ag 3,9/12/2024,2024,256,8,,0.85723013,0.14276987
Nat-ag 3,9/12/2024,2024,256,9,,0.803802024,0.196197976
Nat QC 1 alt,6/26/2024,2024,178,3,,0.37947819,0.62052181
Nat QC 1 alt,6/26/2024,2024,178,4,,0.405941214,0.594058786
Nat QC 9,8/21/2024,2024,234,4,,0.446573857,0.553426143
Nat-ag 6,8/22/2024,2024,235,6,,0.515042367,0.484957633
Nat QC 7,8/21/2024,2024,234,1,,0.440497742,0.559502258
Ag-nat 2,5/28/2024,2024,149,6,,0.713432155,0.286567845
Ag-nat 2,5/28/2024,2024,149,7,,0.746493997,0.253506003
Ag-nat 2,6/25/2024,2024,177,1,,0.601017179,0.398982821
Ag-nat 2,6/25/2024,2024,177,11,,0.449553467,0.550446533
Ag-nat 2,6/25/2024,2024,177,3,,0.353003187,0.646996813
Ag-nat 2,6/25/2024,2024,177,4,,0.341817874,0.658182126
Ag-nat 2,7/30/2024,2024,212,4,,0.438199091,0.561800909
Ag-nat 3,6/24/2024,2024,176,3,,0.188140155,0.811859845
Ag-nat 3,6/24/2024,2024,176,4,,0.125084935,0.874915065
Ag 6,8/23/2024,2024,236,9,edit,0.255255098,0.744744902
Ag-nat 3,6/24/2024,2024,176,5,,0.086344716,0.913655284
Ag-nat 3,6/24/2024,2024,176,6,,0.164171375,0.835828625
Ag-nat 3,8/20/2024,2024,233,1,,0.35633888,0.64366112
Ag-nat 3,8/20/2024,2024,233,10,,0.25879734,0.74120266
Ag-nat 3,8/20/2024,2024,233,2,,0.060862968,0.939137032
Ag-nat 3,8/20/2024,2024,233,3,,0.131117705,0.868882295
Ag-nat 3,8/20/2024,2024,233,4,,0.149965198,0.850034802
Ag-nat 3,8/20/2024,2024,233,5,,0.089505381,0.910494619
Ag-nat 3,8/20/2024,2024,233,6,,0.211438681,0.788561319
Ag-nat 3,8/20/2024,2024,233,7,,0.320384805,0.679615195
Ag-nat 3,8/20/2024,2024,233,8,,0.605649108,0.394350892
Ag-nat 3,8/20/2024,2024,233,9,,0.115184481,0.884815519
Ag-nat 5,5/28/2024,2024,149,1,,0.581950987,0.418049013
Ag-nat 5,5/28/2024,2024,149,2,,0.469736456,0.530263544
Ag-nat 5,5/28/2024,2024,149,4,,0.239695111,0.760304889
Ag-nat 5,5/28/2024,2024,149,5,,0.691626854,0.308373146
Ag-nat 7,5/28/2024,2024,149,1,,0.730212163,0.269787837
Ag-nat 7,5/28/2024,2024,149,10,,0.437597656,0.562402344
Ag-nat 7,5/28/2024,2024,149,2,,0.55002976,0.44997024
Ag-nat 7,5/28/2024,2024,149,3,,0.43380861,0.56619139
Ag-nat 7,5/28/2024,2024,149,4,,0.358106586,0.641893414
Ag-nat 7,5/28/2024,2024,149,6,,0.371876516,0.628123484
Ag-nat 7,5/28/2024,2024,149,7,,0.532630853,0.467369147
Ag-nat 7,5/28/2024,2024,149,8,,0.441005333,0.558994667
Ag-nat 7,5/28/2024,2024,149,9,,0.453760005,0.546239995
Ag-nat 8,7/29/2024,2024,211,9,,0.535190735,0.464809265
Ag-nat 8,8/20/2024,2024,233,3,,0.24319625,0.75680375
Ag-nat 8,8/20/2024,2024,233,4,,0.502584683,0.497415317
Ag-nat 8,8/20/2024,2024,233,5,,0.164979119,0.835020881
Ag-nat 8,8/20/2024,2024,233,6,,0.22343534,0.77656466
Ag-nat 8,8/20/2024,2024,233,7,,0.215979288,0.784020712
Ag-nat 8,8/20/2024,2024,233,8,,0.748007194,0.251992806
Ag-nat 8,8/20/2024,2024,233,9,,0.552240818,0.447759182
Ag-nat 9,5/28/2024,2024,149,1,,0.311139124,0.688860876
Ag-nat 9,5/28/2024,2024,149,4,,0.447877893,0.552122107
Ag-nat 9,5/28/2024,2024,149,5,,0.391807623,0.608192377
Ag-nat 9,5/28/2024,2024,149,6,,0.437604622,0.562395378
Ag-nat 9,5/28/2024,2024,149,7,,0.474481768,0.525518232
Ag-nat 9,5/28/2024,2024,149,8,,0.409402049,0.590597951
Ag-nat 9,5/28/2024,2024,149,9,,0.17305156,0.82694844
Ag 3,8/20/2024,2024,233,1,,0.513478021,0.486521979
Ag 3,8/20/2024,2024,233,10,,0.217480268,0.782519732
Ag 3,8/20/2024,2024,233,2,,0.343054882,0.656945118
Ag 3,8/20/2024,2024,233,3,,0.2951118,0.7048882
Ag 3,8/20/2024,2024,233,4,,0.108509425,0.891490575
Ag 3,8/20/2024,2024,233,5,,0.191676866,0.808323134
Ag 3,8/20/2024,2024,233,6,,0.14586482,0.85413518
Ag 3,8/20/2024,2024,233,7,,0.237945664,0.762054336
Ag 3,8/20/2024,2024,233,8,,0.378661717,0.621338283
Ag 3,8/20/2024,2024,233,9,,0.319689344,0.680310656
Ag 5,8/20/2024,2024,233,1,,0.116140666,0.883859334
Ag 5,8/20/2024,2024,233,10,,0.32982248,0.67017752
Ag 5,8/20/2024,2024,233,2,,0.371714166,0.628285834
Ag 5,8/20/2024,2024,233,3,,0.153725201,0.846274799
Ag 5,8/20/2024,2024,233,4,,0.344913696,0.655086304
Ag 5,8/20/2024,2024,233,5,,0.111145704,0.888854296
Ag 5,8/20/2024,2024,233,6,,0.393674416,0.606325584
Ag 5,8/20/2024,2024,233,7,,0.315144421,0.684855579
Ag 5,8/20/2024,2024,233,8,,0.178652339,0.821347661
Ag 5,8/20/2024,2024,233,9,,0.322210464,0.677789536
Ag 6,6/26/2024,2024,178,1,,0.440987886,0.559012114
Ag 6,6/26/2024,2024,178,2,,0.624145445,0.375854555
Ag 6,6/26/2024,2024,178,3,,0.93003234,0.06996766
Ag 6,6/26/2024,2024,178,4,,0.319651682,0.680348318
Ag 6,6/26/2024,2024,178,5,,0.142691537,0.857308463
Ag 6,6/26/2024,2024,178,6,,0.277509935,0.722490065
Ag 6,6/26/2024,2024,178,7,,0.285526433,0.714473567
Ag 6,6/26/2024,2024,178,8,,0.682731803,0.317268197
Ag 6,8/2/2024,2024,215,1,,0.401142283,0.598857717
Ag 6,8/2/2024,2024,215,10,,0.228100718,0.771899282
Ag 6,8/2/2024,2024,215,2,,0.587946724,0.412053276
Ag 6,8/2/2024,2024,215,3,,0.465464313,0.534535687
Ag 6,8/2/2024,2024,215,4,,0.636958796,0.363041204
Ag 6,8/2/2024,2024,215,5,,0.615036168,0.384963832
Ag 6,8/2/2024,2024,215,6,,0.616455733,0.383544267
Ag 6,8/2/2024,2024,215,7,,0.586775524,0.413224476
Ag 6,8/2/2024,2024,215,8,,0.346132372,0.653867628
Ag 6,8/2/2024,2024,215,9,,0.208141861,0.791858139
Half 10,6/26/2024,2024,178,1,,0.240791662,0.759208338
Half 10,6/26/2024,2024,178,10,,0.282738402,0.717261598
Half 10,6/26/2024,2024,178,2,,0.203529215,0.796470785
Half 10,6/26/2024,2024,178,3,,0.25301387,0.74698613
Half 10,6/26/2024,2024,178,4,,0.212625616,0.787374384
Half 10,6/26/2024,2024,178,5,,0.029232988,0.970767012
Half 10,6/26/2024,2024,178,6,,0.13641125,0.86358875
Half 10,6/26/2024,2024,178,7,,0.45810648,0.54189352
Half 10,6/26/2024,2024,178,8,,0.310897967,0.689102033
Half 10,6/26/2024,2024,178,9,,0.20411836,0.79588164
Half 10,8/2/2024,2024,215,1,,0.10621509,0.89378491
Half 10,8/2/2024,2024,215,2,,0.144328724,0.855671276
Half 10,8/2/2024,2024,215,3,,0.322769123,0.677230877
Half 10,8/2/2024,2024,215,4,,0.204662985,0.795337015
Half 10,8/2/2024,2024,215,5,,0.313873757,0.686126243
Half 10,8/2/2024,2024,215,6,,0.411504362,0.588495638
Half 10,8/2/2024,2024,215,7,,0.394744235,0.605255765
Half 10,8/2/2024,2024,215,8,,0.30719262,0.69280738
Half 10,8/2/2024,2024,215,9,,0.413118343,0.586881657
Half 2,7/29/2024,2024,211,1,,0.632511375,0.367488625
Half 2,7/29/2024,2024,211,10,,0.177375005,0.822624995
Half 2,7/29/2024,2024,211,2,,0.412554519,0.587445481
Half 2,7/29/2024,2024,211,3,,0.202664882,0.797335118
Half 2,7/29/2024,2024,211,4,,0.697911223,0.302088777
Half 2,7/29/2024,2024,211,5,,0.464708232,0.535291768
Half 2,7/29/2024,2024,211,6,,0.568868915,0.431131085
Half 2,7/29/2024,2024,211,7,,0.49188635,0.50811365
Half 2,7/29/2024,2024,211,8,,0.334606547,0.665393453
Half 2,7/29/2024,2024,211,9,,0.434252716,0.565747284
Half 2,8/20/2024,2024,233,1,,0.454582354,0.545417646
Half 2,8/20/2024,2024,233,2,,0.628763535,0.371236465
Half 2,8/20/2024,2024,233,3,,0.076836803,0.923163197
Half 2,8/20/2024,2024,233,4,,0.65787992,0.34212008
Half 2,8/20/2024,2024,233,5,,0.790532545,0.209467455
Half 2,8/20/2024,2024,233,6,,0.572573988,0.427426012
Half 2,8/20/2024,2024,233,7,,0.756677802,0.243322198
Half 2,8/20/2024,2024,233,8,,0.362506415,0.637493585
Half 5,7/29/2024,2024,211,1,,0.239164536,0.760835464
Half 5,7/29/2024,2024,211,10,,0.186153905,0.813846095
Half 5,7/29/2024,2024,211,2,,0.076749698,0.923250302
Half 5,7/29/2024,2024,211,3,,0.261916421,0.738083579
Half 5,7/29/2024,2024,211,4,,0.143780791,0.856219209
Half 5,7/29/2024,2024,211,5,,0.270234491,0.729765509
Half 5,7/29/2024,2024,211,6,,0.101869094,0.898130906
Half 5,7/29/2024,2024,211,7,,0.165315961,0.834684039
Half 5,7/29/2024,2024,211,8,,0.325505323,0.674494677
Half 5,7/29/2024,2024,211,9,,0.316552019,0.683447981
Half 5,8/20/2024,2024,233,1,,0.042581262,0.957418738
Half 5,8/20/2024,2024,233,10,,0.10251139,0.89748861
Half 5,8/20/2024,2024,233,2,,0.058333412,0.941666588
Half 5,8/20/2024,2024,233,3,,0.240143283,0.759856717
Half 5,8/20/2024,2024,233,4,,0.176009979,0.823990021
Half 5,8/20/2024,2024,233,5,,0.114103328,0.885896672
Half 5,8/20/2024,2024,233,6,,0.155848074,0.844151926
Half 5,8/20/2024,2024,233,7,,0.264045964,0.735954036
Half 5,8/20/2024,2024,233,8,,0.114206126,0.885793874
Half 5,8/20/2024,2024,233,9,,0.2943618,0.7056382
Half 7,5/28/2024,2024,149,2,,0.620629865,0.379370135
Half 7,5/28/2024,2024,149,4,,0.219619946,0.780380054
Half 7,5/28/2024,2024,149,8,,0.168313851,0.831686149
Half 7,6/25/2024,2024,177,1,,0.095794996,0.904205004
Half 7,6/25/2024,2024,177,10,,0.085873793,0.914126207
Half 7,6/25/2024,2024,177,2,,0.292938467,0.707061533
Half 7,6/25/2024,2024,177,3,,0.185821869,0.814178131
Half 7,6/25/2024,2024,177,4,,0.134645778,0.865354222
Half 7,6/25/2024,2024,177,5,,0.190460209,0.809539791
Half 7,6/25/2024,2024,177,6,,0.159329781,0.840670219
Half 7,6/25/2024,2024,177,7,,0.161943032,0.838056968
Half 7,6/25/2024,2024,177,8,,0.080349182,0.919650818
Half 7,6/25/2024,2024,177,9,,0.18296805,0.81703195
Half 9,5/28/2024,2024,149,1,,0.412052366,0.587947634
Half 9,5/28/2024,2024,149,10,,0.6893878,0.3106122
Half 9,5/28/2024,2024,149,2,,0.933269131,0.066730869
Half 9,5/28/2024,2024,149,3,,0.863966156,0.136033844
Half 9,5/28/2024,2024,149,4,,0.714897653,0.285102347
Half 9,5/28/2024,2024,149,5,,0.698129072,0.301870928
Half 9,5/28/2024,2024,149,6,,0.64732618,0.35267382
Half 9,5/28/2024,2024,149,7,,0.877103111,0.122896889
Half 9,5/28/2024,2024,149,8,,0.664182028,0.335817972
Half 9,5/28/2024,2024,149,9,,0.737309396,0.262690604
Nat-ag 1,8/22/2024,2024,235,1,,0.902874364,0.097125636
Nat-ag 1,8/22/2024,2024,235,2,,0.88590707,0.11409293
Nat-ag 1,8/22/2024,2024,235,3,,0.985132144,0.014867856
Nat-ag 1,8/22/2024,2024,235,4,,0.942843085,0.057156915
Nat-ag 1,8/22/2024,2024,235,5,,0.473987589,0.526012411
Nat-ag 1,8/22/2024,2024,235,6,,0.785881292,0.214118708
Nat-ag 1,8/22/2024,2024,235,7,,0.436193729,0.563806271
Nat-ag 1,8/22/2024,2024,235,8,,0.94315462,0.05684538
Nat-ag 1,8/22/2024,2024,235,9,,0.801812358,0.198187642
Nat-ag 1,9/12/2024,2024,256,1,,0.861429382,0.138570618
Nat-ag 1,9/12/2024,2024,256,10,,0.98939191,0.01060809
Nat-ag 1,9/12/2024,2024,256,2,,0.493269425,0.506730575
Nat-ag 1,9/12/2024,2024,256,3,,0.774323882,0.225676118
Nat-ag 1,9/12/2024,2024,256,4,,0.963861711,0.036138289
Nat-ag 1,9/12/2024,2024,256,5,,0.678262332,0.321737668
Nat-ag 1,9/12/2024,2024,256,6,,0.933265141,0.066734859
Nat-ag 1,9/12/2024,2024,256,7,,0.92603921,0.07396079
Nat-ag 1,9/12/2024,2024,256,8,,0.550699032,0.449300968
Nat-ag 1,9/12/2024,2024,256,9,,0.721969083,0.278030917
Nat-ag 2,6/8/2024,2024,160,10,,0.618421115,0.381578885
Nat-ag 2,6/8/2024,2024,160,9,,0.79827789,0.20172211
Nat-ag 2,8/22/2024,2024,235,1,,0.412800333,0.587199667
Nat-ag 2,8/22/2024,2024,235,10,,0.473899111,0.526100889
Nat-ag 2,8/22/2024,2024,235,2,,0.985537936,0.014462064
Nat-ag 2,8/22/2024,2024,235,3,,0.923607547,0.076392453
Nat-ag 2,8/22/2024,2024,235,4,,0.939875849,0.060124151
Nat-ag 2,8/22/2024,2024,235,5,,0.542019008,0.457980992
Nat-ag 2,8/22/2024,2024,235,6,,0.951163706,0.048836294
Nat-ag 2,8/22/2024,2024,235,7,,0.978039509,0.021960491
Nat-ag 2,8/22/2024,2024,235,8,,0.888882153,0.111117847
Nat-ag 2,8/22/2024,2024,235,9,,0.904490895,0.095509105
Nat-ag 2,9/12/2024,2024,256,9,,0.668849179,0.331150821
Nat-ag 3,8/22/2024,2024,235,1,,0.719424617,0.280575383
Nat-ag 3,8/22/2024,2024,235,10,,0.961876361,0.038123639
Nat-ag 3,8/22/2024,2024,235,2,,0.941601848,0.058398152
Nat-ag 3,8/22/2024,2024,235,3,,0.950658148,0.049341852
Nat-ag 3,8/22/2024,2024,235,4,,0.798227545,0.201772455
Nat-ag 3,8/22/2024,2024,235,5,,0.97034706,0.02965294
Nat-ag 3,8/22/2024,2024,235,6,,0.891311854,0.108688146
Nat-ag 3,8/22/2024,2024,235,7,,0.614012888,0.385987112
Nat-ag 3,8/22/2024,2024,235,8,,0.704351057,0.295648943
Nat-ag 3,8/22/2024,2024,235,9,,0.81499905,0.18500095
Nat-ag 3,9/12/2024,2024,256,1,,0.39793963,0.60206037
Nat-ag 3,9/12/2024,2024,256,7,,0.87251066,0.12748934
Nat-ag 4,5/28/2024,2024,149,2,,0.659228595,0.340771405
Nat-ag 4,5/28/2024,2024,149,3,,0.118117468,0.881882532
Nat-ag 4,5/28/2024,2024,149,4,,0.405058658,0.594941342
Nat-ag 4,6/25/2024,2024,177,1,,0.091416077,0.908583923
Nat-ag 4,6/25/2024,2024,177,2,,0.212163726,0.787836274
Nat-ag 4,6/25/2024,2024,177,3,,0.035878545,0.964121455
Nat-ag 4,6/25/2024,2024,177,4,,0.17615007,0.82384993
Nat-ag 4,6/25/2024,2024,177,5,,0.212989314,0.787010686
Nat-ag 4,6/25/2024,2024,177,6,,0.212360304,0.787639696
Nat-ag 4,6/25/2024,2024,177,7,,0.166964709,0.833035291
Nat-ag 4,6/25/2024,2024,177,8,,0.035446505,0.964553495
Nat-ag 4,6/25/2024,2024,177,9,,0.054129279,0.945870721
Nat-ag 4,7/30/2024,2024,212,2,,0.111169835,0.888830165
Nat-ag 4,7/30/2024,2024,212,3,,0.080929136,0.919070864
Nat-ag 4,7/30/2024,2024,212,4,,0.052593158,0.947406842
Nat-ag 4,7/30/2024,2024,212,8,,0.11674353,0.88325647
Nat-ag 5 new,6/8/2024,2024,160,1,,0.480178605,0.519821395
Nat-ag 5 new,6/8/2024,2024,160,2,,0.642408355,0.357591645
Nat-ag 5 new,6/8/2024,2024,160,3,,0.662614461,0.337385539
Nat-ag 5 new,6/8/2024,2024,160,6,,0.52565727,0.47434273
Nat-ag 5 old,6/8/2024,2024,160,1,,0.844154816,0.155845184
Nat-ag 5 old,6/8/2024,2024,160,2,,0.701212696,0.298787304
Nat-ag 5 old,6/8/2024,2024,160,3,,0.886340945,0.113659055
Nat-ag 5 old,6/8/2024,2024,160,4,,0.797523391,0.202476609
Nat-ag 5 old,6/8/2024,2024,160,6,,0.831457168,0.168542832
Nat-ag 5 old,6/8/2024,2024,160,7,,0.589371744,0.410628256
Nat-ag 5 old,6/8/2024,2024,160,8,,0.691786571,0.308213429
Nat-ag 6,8/1/2024,2024,214,9,,0.143821008,0.856178992
Nat-ag 6,8/22/2024,2024,235,1,,0.15465451,0.84534549
Nat-ag 6,8/22/2024,2024,235,10,,0.490181734,0.509818266
Nat-ag 6,8/22/2024,2024,235,3,,0.656568058,0.343431942
Nat-ag 6,8/22/2024,2024,235,4,,0.17839338,0.82160662
Nat-ag 6,8/22/2024,2024,235,5,,0.217230922,0.782769078
Nat-ag 6,8/22/2024,2024,235,7,,0.130373199,0.869626801
Nat-ag 6,8/22/2024,2024,235,8,,0.280237559,0.719762441
Nat-ag 6,8/22/2024,2024,235,9,,0.205866358,0.794133642
Nat-ag 7 old,8/8/2024,2024,221,1,,0.168659865,0.831340135
Nat-ag 7 old,8/8/2024,2024,221,4,,0.130872087,0.869127913
Nat-ag 7 old,8/8/2024,2024,221,5,,0.070857601,0.929142399
Nat-ag 8,7/29/2024,2024,211,2,,0.052461325,0.947538675
Nat-ag 8,8/20/2024,2024,233,1,,0.462514145,0.537485855
Nat-ag 8,8/20/2024,2024,233,2,,0.126063693,0.873936307
Nat-ag 8,8/20/2024,2024,233,3,,0.240099534,0.759900466
Nat-ag 8,8/20/2024,2024,233,4,,0.303827725,0.696172275
Nat-ag 8,8/20/2024,2024,233,5,,0.701956865,0.298043135
Nat-ag 8,8/20/2024,2024,233,6,,0.263207095,0.736792905
Nat-ag 8,8/20/2024,2024,233,7,,0.200338373,0.799661627
Nat-ag 8,8/20/2024,2024,233,8,,0.490524658,0.509475342
Nat-ag 9,5/28/2024,2024,149,1,,0.576560825,0.423439175
Nat-ag 9,5/28/2024,2024,149,10,,0.900340935,0.099659065
Nat-ag 9,5/28/2024,2024,149,2,,0.481344545,0.518655455
Nat-ag 9,5/28/2024,2024,149,3,,0.325811568,0.674188432
Nat-ag 9,5/28/2024,2024,149,4,,0.411327407,0.588672593
Nat-ag 9,8/2/2024,2024,215,1,,0.309885007,0.690114993
Nat-ag 9,8/2/2024,2024,215,10,,0.59759902,0.40240098
Nat-ag 9,8/2/2024,2024,215,11,,0.168462703,0.831537297
Nat-ag 9,8/2/2024,2024,215,2,,0.19870654,0.80129346
Nat-ag 9,8/2/2024,2024,215,3,,0.421315958,0.578684042
Nat-ag 9,8/2/2024,2024,215,4,,0.792997558,0.207002442
Nat-ag 9,8/2/2024,2024,215,5,,0.460709084,0.539290916
Nat-ag 9,8/2/2024,2024,215,6,,0.131663285,0.868336715
Nat-ag 9,8/2/2024,2024,215,7,,0.704665535,0.295334465
Nat-ag 9,8/2/2024,2024,215,8,,0.740856008,0.259143992
Nat-ag 9,8/2/2024,2024,215,9,,0.389964483,0.610035517
Nat QC 1 alt,5/29/2024,2024,164,7,,0.368452732,0.631547268
Nat QC 1 alt,6/26/2024,2024,178,1,,0.428908055,0.571091945
Nat QC 1 alt,6/26/2024,2024,178,2,,0.186346994,0.813653006
Nat QC 1 alt,6/26/2024,2024,178,5,,0.068587096,0.931412904
Nat QC 1 alt,6/26/2024,2024,178,7,,0.291641955,0.708358045
Nat QC 1 alt,7/31/2024,2024,213,10,,0.15999887,0.84000113
Nat QC 1 alt,7/31/2024,2024,213,7,,0.385292827,0.614707173
Nat QC 1 alt,7/31/2024,2024,213,9,,0.343992823,0.656007177
Nat QC 1 old,5/29/2024,2024,150,1,,0.59560092,0.40439908
Nat QC 1 old,5/29/2024,2024,150,2,,0.2901958,0.7098042
Nat QC 1 old,5/29/2024,2024,150,3,,0.226629399,0.773370601
Nat QC 1 old,5/29/2024,2024,150,4,,0.07456849,0.92543151
Nat QC 1 old,5/29/2024,2024,150,5,,0.04784094,0.95215906
Nat QC 1 old,5/29/2024,2024,150,7,,0.14130685,0.85869315
Nat QC 1 old,5/29/2024,2024,150,8,,0.110656378,0.889343622
Nat QC 1 old,5/29/2024,2024,150,9,,0.412072004,0.587927996
Nat QC 1 old,6/26/2024,2024,178,1,,0.073178697,0.926821303
Nat QC 1 old,6/26/2024,2024,178,10,,0.059391719,0.940608281
Nat QC 1 old,6/26/2024,2024,178,2,,0.199948784,0.800051216
Nat QC 1 old,6/26/2024,2024,178,3,,0.100050195,0.899949805
Nat QC 1 old,6/26/2024,2024,178,4,,0.220112864,0.779887136
Nat QC 1 old,6/26/2024,2024,178,5,,0.088363323,0.911636677
Nat QC 1 old,6/26/2024,2024,178,6,,0.030900465,0.969099535
Nat QC 1 old,6/26/2024,2024,178,7,,0.046422672,0.953577328
Nat QC 1 old,6/26/2024,2024,178,8,,0.070223349,0.929776651
Nat QC 1 old,6/26/2024,2024,178,9,,0.049908447,0.950091553
Nat QC 1 old,7/31/2024,2024,213,1,,0.071466743,0.928533257
Nat QC 1 old,7/31/2024,2024,213,10,,0.158458872,0.841541128
Nat QC 1 old,7/31/2024,2024,213,2,,0.14861665,0.85138335
Nat QC 1 old,7/31/2024,2024,213,3,,0.04483695,0.95516305
Nat QC 1 old,7/31/2024,2024,213,4,,0.260739728,0.739260272
Nat QC 1 old,7/31/2024,2024,213,5,,0.088189399,0.911810601
Nat QC 1 old,7/31/2024,2024,213,6,,0.049907834,0.950092166
Nat QC 1 old,7/31/2024,2024,213,7,,0.479493798,0.520506202
Nat QC 1 old,7/31/2024,2024,213,7,edit,0.130360839,0.869639161
Nat QC 1 old,7/31/2024,2024,213,8,,0.06017457,0.93982543
Nat QC 1 old,7/31/2024,2024,213,9,,0.043947466,0.956052534
Nat QC 1 old,8/21/2024,2024,234,1,,0.029432433,0.970567567
Nat QC 1 old,8/21/2024,2024,234,2,,0.090712286,0.909287714
Nat QC 3,5/29/2024,2024,150,9,,0.528704145,0.471295855
Nat QC 3,8/21/2024,2024,234,1,,0.326156447,0.673843553
Nat QC 3,8/21/2024,2024,234,10,,0.191822748,0.808177252
Nat QC 3,8/21/2024,2024,234,2,,0.669112846,0.330887154
Nat QC 3,8/21/2024,2024,234,3,,0.352852353,0.647147647
Nat QC 3,8/21/2024,2024,234,5,,0.371913486,0.628086514
Nat QC 3,8/21/2024,2024,234,6,,0.342794942,0.657205058
Nat QC 3,8/21/2024,2024,234,7,,0.40683251,0.59316749
Nat QC 3,8/21/2024,2024,234,8,,0.488528518,0.511471482
Nat QC 3,8/21/2024,2024,234,9,,0.392654908,0.607345092
Nat QC 4,8/21/2024,2024,234,1,,0.524797659,0.475202341
Nat QC 4,8/21/2024,2024,234,2,,0.415908427,0.584091573
Nat QC 4,8/21/2024,2024,234,3,,0.35723268,0.64276732
Nat QC 4,8/21/2024,2024,234,4,,0.632770922,0.367229078
Nat QC 4,8/21/2024,2024,234,5,,0.749476197,0.250523803
Nat QC 4,8/21/2024,2024,234,6,,0.717892248,0.282107752
Nat QC 4,8/21/2024,2024,234,7,,0.787857814,0.212142186
Nat QC 4,8/21/2024,2024,234,8,,0.92142425,0.07857575
Nat QC 4,8/21/2024,2024,234,9,,0.433170778,0.566829222
Nat QC 6,7/31/2024,2024,213,1,,0.327405335,0.672594665
Nat QC 6,7/31/2024,2024,213,10,,0.391028765,0.608971235
Nat QC 6,7/31/2024,2024,213,2,,0.372645829,0.627354171
Nat QC 6,7/31/2024,2024,213,3,,0.324458894,0.675541106
Nat QC 6,7/31/2024,2024,213,4,,0.522643593,0.477356407
Nat QC 6,7/31/2024,2024,213,5,,0.382640462,0.617359538
Nat QC 6,7/31/2024,2024,213,6,,0.573534489,0.426465511
Nat QC 6,7/31/2024,2024,213,7,,0.471710125,0.528289875
Nat QC 6,8/21/2024,2024,234,1,,0.401344545,0.598655455
Nat QC 6,8/21/2024,2024,234,2,,0.231830705,0.768169295
Nat QC 6,8/21/2024,2024,234,3,,0.15206041,0.84793959
Nat QC 6,8/21/2024,2024,234,4,,0.233268319,0.766731681
Nat QC 6,8/21/2024,2024,234,5,,0.468522773,0.531477227
Nat QC 7,5/29/2024,2024,150,9,,0.552165462,0.447834538
Ag-nat 8,8/20/2024,2024,233,2,,0.383142881,0.616857119
Nat QC 6,6/26/2024,2024,178,2,edit,0.221193553,0.778806447
Nat QC 7,8/21/2024,2024,234,10,,0.148948784,0.851051216
Nat QC 7,8/21/2024,2024,234,4,,0.331789193,0.668210807
Nat QC 9,5/29/2024,2024,150,1,,0.754751161,0.245248839
Nat QC 9,5/29/2024,2024,150,2,,0.632988736,0.367011264
Nat QC 9,5/29/2024,2024,150,3,,0.452238409,0.547761591
Nat QC 9,5/29/2024,2024,150,4,,0.455938466,0.544061534
Nat QC 9,6/26/2024,2024,178,10,,0.35310884,0.64689116
Nat QC 9,6/26/2024,2024,178,3,,0.193347216,0.806652784
Nat QC 9,6/26/2024,2024,178,4,,0.25631485,0.74368515
Nat QC 9,6/26/2024,2024,178,5,,0.275173385,0.724826615
Nat QC 9,6/26/2024,2024,178,7,,0.251273143,0.748726857
Nat QC 9,6/26/2024,2024,178,9,,0.386097628,0.613902372
Nat QC 9,8/21/2024,2024,234,10,,0.19452259,0.80547741
Nat QC 9,8/21/2024,2024,234,6,,0.324380029,0.675619971
Nat QC 9,8/21/2024,2024,234,7,,0.334947117,0.665052883
Nat QC 9,8/21/2024,2024,234,8,,0.147593763,0.852406237
